hospital_name,ccn,phone_number,address,state,hospital_website,filename,file_url,page_url,content_sha256,source
Mission Community Hospital,050704,(818) 787-2222,"14850 Roscoe Blvd. Panorama City CA, 91402, Panorama City, CA, 91402",CA,https://mchonline.org/,050704_Mission_Community_Hospital_standardcharges.csv,https://mchonline.org/050704_Mission_Community_Hospital_standardcharges.csv,https://mchonline.org/price-transparency/,33b5b1ef10cf94cb3f71391b1492f01f7db39e126e6187571bf0101d31be978f,mrfs.csv
Coalinga Medical Center LLC,051338,(559) 821-6100,"COALINGA CA 93210, Coalinga, CA, 93210",CA,https://crmcmed.org/,1801452941_coalinga-regional-medical-center_standardcharges.csv,https://apps.para-hcfs.com/PTT/FinalLinks/Reports.aspx?dbName=dbCRMCCOALINGACA&type=CDMWithoutLabel&fileType=CSV,https://apps.para-hcfs.com/PTT/FinalLinks/AmericanAdvancedCoalinga.aspx,092e0df8757201f8d534ca875ae0119fbe5dba47a418d7a0356bbd68181beee3,mrfs.csv
Cedars-Sinai Marina Hospital,050740,(310) 823-8911,"4650 Lincoln Blvd, Marina Del Rey, CA 90292, Marina Del Rey, CA, 90292",CA,https://www.marinahospital.com/,201645949_CEDARS-SINAI-MARINA-HOSPITAL_standardcharges.csv,https://www.marinahospital.com/administration/media/files/201645949_CEDARS-SINAI-MARINA-HOSPITAL_standardcharges.csv,https://www.marinahospital.com/price-transparency,07fa55de1d60cf43774f0b8603cc76de7fb389c378d0031c281ad2098ee02938,mrfs.csv
Canyon Ridge Hospital,054111,(909) 590-3700,"5353 G STREET, CHINO, CA 91710, Chino, CA, 91710",CA,https://canyonridgehospital.com/,202935031_canyon-ridge_standardcharges.csv,https://uhsfilecdn.eskycity.net/bh/202935031_canyon-ridge_standardcharges.csv,https://canyonridgehospital.com/standard-services/,ed5055b00e061418bea7cccb3714efd772a5915dacc042bae4cdde42e07bdf13,mrfs.csv
Del Amo,054053,(310) 530-1151,"23700  CAMINO DEL SOL, TORRANCE, CA 90505, Torrance, CA, 90505",CA,https://delamobehavioralhealth.com/,232646424_del-amo_standardcharges.csv,https://uhsfilecdn.eskycity.net/bh/232646424_del-amo_standardcharges.csv,https://delamobehavioralhealth.com/standard-services,d68af397a94041d43e06695b84af218b515660e545192e7a731392a7c05bf363,mrfs.csv
"Pipeline Health System Holdings, LLC",050091,(323) 583-1931,"2623 East Slauson Avenue, Huntington Park, CA 90255, Huntington Park, CA, 90255",CA,https://www.communityhospitalhp.com/,"272133159_pipeline-health-system-holdings,-llc_standardcharges.csv","https://sthpiprd.blob.core.windows.net/machine-readable-files/8427/272133159_pipeline-health-system-holdings,-llc_standardcharges.csv",https://search.hospitalpriceindex.com/hpi2/machineReadable/CommunityHospitalOfHuntingtonPark/8427,6b877c80d1a1792bf5e9647fb57d9d5e44000d61fe5ac55710e969e9f3fb186f,"mrfs.csv,downloaded"
"Aurora Las Encinas, LLC",054078,(626) 795-9901,"2900 E Del Mar Blvd, Pasadena, CA 91107, Pasadena, CA, 91107",CA,https://www.lasencinashospital.com/,"320039155_aurora-las-encinas,-llc_standardcharges_0.csv",https://www.lasencinashospital.com/sites/default/files/320039155_aurora-las-encinas%2C-llc_standardcharges_0.csv,https://www.lasencinashospital.com/price-transparency,6dc2a3c02f2cb0206fa1f5b95040377c8ef67f9460689ddd82fcc5e566574ced,mrfs.csv
Catalina Island Health,051307,(310) 510-0700,"100 Falls Canyon Rd Avalon CA 90704, Avalon, CA, 90704",CA,https://catalinaislandhealth.org/,330222508_catalina-island-health_standardcharges.csv,https://apps.para-hcfs.com/PTT/FinalLinks/Reports.aspx?dbName=dbCIMCAVALONCA&type=CDMWithoutLabel&fileType=CSV,https://apps.para-hcfs.com/PTT/FinalLinks/Catalina_V3.aspx,a926955d7e8f0c3fde42e4aa5c37a82f4383c1e34edaa899c477fe14777beebd,mrfs.csv
"Alta Newport Hospital, LLC",050780,(714) 619-7700,"914662 Newport Ave, Tustin, CA 92780, Tustin, CA, 92780",CA,https://www.foothillregionalmedicalcenter.com/,"300804393_alta-newport-hospital,-llc_standardcharges.csv",https://sthpiprd.blob.core.windows.net/machine-readable-files/7918/300804393_alta-newport-hospital%2C-llc_standardcharges.csv,https://search.hospitalpriceindex.com/hpi2/hospital/FoothillRegionalMedicalCenter/7918or,2b6ea3d5aeab41ae840c815220964944674f192dc1aeb4148aa3386d84a192b3,"mrfs.csv,downloaded"
Grossmont Hospital Corporation,050026,619-740-6000,"5555 Grossmont Center Drive, La Mesa, CA  91942, La Mesa, CA, 91942",CA,https://www.sharp.com/locations/hospitals/sharp-grossmont,33-0449527_grossmont-hospital-corporation_standardcharges.csv,https://downloads.ctfassets.net/pxcfulgsd9e2/pDe4LFVvP8fh5nOJd8Zji/71b0885eb86902c17aee42e048ea796b/33-0449527_grossmont-hospital-corporation_standardcharges.csv,https://www.sharp.com/billing/estimate,9afdb1b7524b4983a6f4a4972b88e4ba70829a9de0523a052e46a9aa6c978ef0,"mrfs.csv,manifest.json,downloaded"
Central Valley Specialty Hospital Inc,052055,(209) 248-7700,"730 17th St Modesto CA 95354, Modesto, CA, 95354",CA,https://centralvalleyspecialty.com/,461079904_central-valley-specialty-hospital_standardcharges.csv,https://apps.para-hcfs.com/PTT/FinalLinks/Reports.aspx?dbName=dbCVSHMODESTOCA&type=CDMWithoutLabel&fileType=CSV,https://apps.para-hcfs.com/PTT/FinalLinks/AmericanAdvancedCentral.aspx,59ce4bb123aebe3aa981c96f1fd3cef4ae9e6209b4a927008f3e14adfb94aa8d,mrfs.csv
Loma Linda University Childrens Hospital,050778,(800) 825-5437,"11234 Anderson Street, Loma Linda, CA 92354, Loma Linda, CA, 92354",CA,https://lluch.org/?rsource=childrens-hospital.lomalindahealth.org%2F,463214504_loma-linda-university-childrens-hospital_standardcharges.csv,https://pricetransparency.healthcare/llu-ch/charges/export,https://pricetransparency.healthcare/llu-ch/charges/,ce48347358f472aadba0aea4d5827340b27cc19f4b403afb914062ee08fdec42,mrfs.csv
Heritage Oaks Hospital,054104,(916) 489-3336,"4250 AUBURN BOULEVARD, SACRAMENTO, CA 95841, Sacramento, CA, 95841",CA,https://heritageoakshospital.com/,621658494_heritage-oaks_standardcharges.csv,https://uhsfilecdn.eskycity.net/bh/621658494_heritage-oaks_standardcharges.csv,https://heritageoakshospital.com/standard-services,c020b03b02908c373abe29958c79b6f46efe4aa712afb7f1febedc5b55a22784,mrfs.csv
Sierra Vista Hospital,054087,916-288-0300,"8001 BRUCEVILLE ROAD, SACRAMENTO, CA 95823, Sacramento, CA, 95823",CA,https://sierravistahospital.com/,621658512_sierra-vista_standardcharges.csv,https://uhsfilecdn.eskycity.net/bh/621658512_sierra-vista_standardcharges.csv,https://sierravistahospital.com/standard-services/,a776a54a870a45a60808145dccae21eabe0667b0e51dea436d8d51ba7f93c7f6,mrfs.csv
Alhambra Hospital,054032,(626) 286-1191,"4619 N ROSEMEAD BLVD, ROSEMEAD, CA 91770, Rosemead, CA, 91770",CA,https://bhcalhambra.com/,621658521_alhambra_standardcharges.csv,https://uhsfilecdn.eskycity.net/bh/621658521_alhambra_standardcharges.csv,https://www.bhcalhambra.com/standard-services/,c1859e5b0c2ef6d090db762f3230b311d62d584bfb71067f7c827ddc98edf11f,mrfs.csv
Fremont Hospital,054110,(510) 796-1100,"39001 SUNDALE DRIVE, FREMONT, CA 94538, Fremont, CA, 94538",CA,https://fremonthospital.com/,621658532_fremont_standardcharges.csv,https://uhsfilecdn.eskycity.net/bh/621658532_fremont_standardcharges.csv,https://fremonthospital.com/standard-services,60cb56449ce7c54843a215ba73c38e6b5551fb447c60f1bc8fec8d4d643d0942,mrfs.csv
Hoag Orthopedic Institute,050769,(855) 999-4641,"16250 Sand Canyon Avenue, Irvine, CA 92618, Irvine, CA, 92618",CA,https://www.hoagorthopedicinstitute.com/locations/hoag-orthopedic-institute/,611588294_hoag-orthopedic-institute_standardcharges.csv,https://www.hoagorthopedicinstitute.com/documents/611588294_hoag-orthopedic-institute_standardcharges.csv,https://www.hoagorthopedicinstitute.com/for-patients/billing-and-insurance/,aa9422a7f9eca927b17d8fcc071717275ef856bfcb673e33fe4171740f5c2a4d,mrfs.csv
Encompass Health Rehabilitation Hospital of Modesto,053040,(209) 857-3400,"1303 Mable Avenue, Modesto, CA 95355-1119, Modesto, CA, 95355",CA,https://www.encompasshealth.com/locations/modesto-rehab,464417320_Encompass-Health-Rehabilitation-Hospital-of-Modesto_standardcharges.csv,https://edge.sitecorecloud.io/encompasshee178-encompasshed9db-prodb258-07da/media/Project/EncompassHealth/encompasshealth/Files/1-price-transparency/464417320_Encompass-Health-Rehabilitation-Hospital-of-Modesto_standardcharges.csv,https://www.encompasshealth.com/locations/modesto-rehab/financial-information/price-transparency,327f503d29b5a0cdfd23733f72afaf98b8d98061a71ddb1123c0d6d7da882858,mrfs.csv
Encompass Health Rehabilitation Hospital of Bakersfield,053031,661-323-5500,"5001 Commerce Drive, Bakersfield, CA 93309-0648, Bakersfield, CA, 93309",CA,https://www.encompasshealth.com/locations/bakersfield-rehab,631184845_Encompass-Health-Rehabilitation-Hospital-of-Bakersfield_standardcharges.csv,https://edge.sitecorecloud.io/encompasshee178-encompasshed9db-prodb258-07da/media/Project/EncompassHealth/encompasshealth/Files/1-price-transparency/631184845_Encompass-Health-Rehabilitation-Hospital-of-Bakersfield_standardcharges.csv,https://www.encompasshealth.com/locations/bakersfield-rehab/financial-information/price-transparency,2ad31dfa047b95aad588aa2ad1b046ddf7983888f91f7f8f289586329491301c,mrfs.csv
Modoc Medical Center,051330,530-708-8800,"1111 N Nagle St Alturas CA 96101, Alturas, CA, 96101",CA,https://modocmedicalcenter.org/,680095320_modoc-medical-center_standardcharges.csv,https://apps.para-hcfs.com/PTT/FinalLinks/Reports.aspx?dbName=dbMMCALTURASCA&type=CDMWithoutLabel&fileType=CSV,https://apps.para-hcfs.com/PTT/FinalLinks/Modoc_Medical_Center.aspx,4433361e1d857cfd9b5f2e06bc6ffed60c256bebf1a4f2e89ba7c0e97547f813,mrfs.csv
Willits Hospital Inc,051310,(707) 459-6801,"1 Marcela Dr Willits CA 95490, Willits, CA, 95490",CA,https://www.adventisthealth.org/howard-memorial/,680108919_willits-hospital-inc_standardcharges.csv,https://apps.para-hcfs.com/PTT/FinalLinks/Reports.aspx?dbName=dbAHHMWILLITSCA&type=CDMWithoutLabel&fileType=CSV,https://www.adventisthealth.org/patient-resources/bill-pay/price-transparency,4c7412b57c0e8d07782ff4b975a2fd07e4576854565f1bb2ed1fcc5562e0d5dd,mrfs.csv
Adventist Health Delano,050608,(661) 725-4800,"1401 Garces Hwy Delano CA 93215, Delano, CA, 93215",CA,https://www.adventisthealth.org/delano/,611823825_adventist-health-delano_standardcharges.csv,https://apps.para-hcfs.com/PTT/FinalLinks/Reports.aspx?dbName=dbDRMCDELANOCA&type=CDMWithoutLabel&fileType=CSV,https://www.adventisthealth.org/patient-resources/bill-pay/price-transparency,df41ad08be3287e24fe7ef318e48f71808858b7347d9066f4edc4591c61fdae2,mrfs.csv
Adventist Health Clearlake Hospital Inc,051317,(707) 202-5955,"15630 18th Ave Clearlake CA 95422, Clearlake, CA, 95422",CA,https://www.adventisthealth.org/clear-lake/,680395149_adventist-health-clearlake-hospital_standardcharges.csv,https://apps.para-hcfs.com/PTT/FinalLinks/Reports.aspx?dbName=dbAHCLCLEARLAKECA&type=CDMWithoutLabel&fileType=CSV,https://www.adventisthealth.org/patient-resources/bill-pay/price-transparency,28ad587d0e43748a96033f0342eb0edb38fb5d96710e0b6c9296ac2d48f8119f,mrfs.csv
Barstow Community Hospital,050298,(760) 256-1761,"820 E Mountain View St Barstow CA 92311, Barstow, CA, 92311",CA,https://barstowhospital.com/,760385534_barstow-community-hospital_standardcharges.csv,https://apps.para-hcfs.com/PTT/FinalLinks/Reports.aspx?dbName=dbBCHBARSTOWCA&type=CDMWithoutLabel&fileType=CSV,,c4f3d46ba5cb36f43a48934cb8f04502fc1d7f7563b521c716db47ed825e4cad,mrfs.csv
"Pipeline Health System Holdings, LLC",050771,(562) 868-3751,"13100 Studebaker Road, Norwalk, CA 90650, Norwalk, CA, 90650",CA,https://www.coastplazahospital.com/,"760594558-1063412005_pipeline-health-system-holdings,-llc_standardcharges.csv",https://sthpiprd.blob.core.windows.net/machine-readable-files/8428/760594558-1063412005_pipeline-health-system-holdings%2C-llc_standardcharges.csv,https://search.hospitalpriceindex.com/hpi2/machineReadable/CoastPlazaHospital/8428,67daac80434d0a5892f37a88333382dec081310a3a55d773a93a3b15207ceafb,"mrfs.csv,downloaded"
Fairchild Medical Center,051316,(530) 842-4121,"444 Bruce St Yreka CA 96097, Yreka, CA, 96097",CA,https://fairchildmed.org/,680350012_fairchild-medical-center_standardcharges.csv,https://apps.para-hcfs.com/PTT/FinalLinks/Reports.aspx?dbName=dbFMCYREKACA&type=CDMWithoutLabel&fileType=CSV,,0fd6d1c01f17bae073e1d4bd18071dd383b62459bb6e7e1912680ef4aa399801,mrfs.csv
Banner Lassen Medical Center,051320,(530) 252-2000,"1800 Spring Ridge Drive, Susanville, CA 96130, Susanville, CA, 96130",CA,https://www.bannerhealth.com/locations/susanville/banner-lassen-medical-center,680422620_banner-lassen-medical-center_standardcharges.csv,https://images.pricetransparency.healthcare/public-mrfs/banner/680422620_banner-lassen-medical-center_standardcharges.csv,https://www.bannerhealth.com/patients/billing/pricing-resources/hospital-price-transparency,7e821117b441f0863624e081252c93c46b3d669df1d738a0b4b6aca5d08877f9,"mrfs.csv,downloaded"
Madera Community Hospital,050568,559-675-5415,"1250 EAST ALMOND AVENUE MADERA CA 93637, Madera, CA, 93637",CA,https://maderahospital.org/,237429117_madera-community-hospital_standardcharges.csv,https://apps.para-hcfs.com/PTT/FinalLinks/Reports.aspx?dbName=dbMCHMADERACA&type=CDMWithoutLabel&fileType=CSV,https://apps.para-hcfs.com/PTT/FinalLinks/Madera_Community.aspx,d0443a280fcf9c863984fd7b04c3e20f80193e18f5a18af49cb85d38987d6ad2,mrfs.csv
Mountains Community Hospital,051312,909-336-3651,"29101 Hospital Road, Lake Arrowhead CA 92352, Lake Arrowhead, CA, 92352",CA,https://www.mchcares.com/,262201665_sanbernardino-mountains-community-hospital_standardcharges.csv,https://mountains.pt.panaceainc.com/MRFDownload/mountains/mountainscommunityhospital,https://www.mchcares.com/price-transparency/,a5e1e797294208f1dc6e811b48333f8128e996717da5b072d5fb53abe2f38c5b,mrfs.csv
"Martin Luther King, Jr Los Angeles MLKLA Healthcare Corporation",050779,(424) 338-8000,"1680 E 120th St, Los Angeles, CA 90059-3019, Los Angeles, CA, 90059",CA,https://www.mlkch.org/visiting-hospital,"274658935_martin-luther-king,-jr-los-angeles-mlkla-healthcare-corporation_standardcharges.csv",https://sthpiprd.blob.core.windows.net/machine-readable-files/7906/274658935_martin-luther-king%2C-jr-los-angeles-mlkla-healthcare-corporation_standardcharges.csv,https://search.hospitalpriceindex.com/hpi2/machineReadable/MartinLutherKingJrCommunityHospital/7906,8119498abe1e35724998a70589c79479da21b9019653d774c68647af3d166e16,"mrfs.csv,downloaded"
"Martin Luther King, Jr Los Angeles MLKLA Healthcare Corporation",050779,(424) 338-8000,"1680 E 120th St, Los Angeles, CA 90059-3019, Los Angeles, CA, 90059",CA,https://www.mlkch.org/visiting-hospital,"274658935_martin-luther-king,-jr-los-angeles-mlkla-healthcare-corporation_standardcharges.csv",https://sthpiprd.blob.core.windows.net/machine-readable-files/7906/274658935_martin-luther-king%2C-jr-los-angeles-mlkla-healthcare-corporation_standardcharges.csv,https://search.hospitalpriceindex.com/hpi2/machineReadable/MartinLutherKingJrCommunityHospital/7906,8119498abe1e35724998a70589c79479da21b9019653d774c68647af3d166e16,"mrfs.csv,downloaded"
Encompass Health Rehabilitation Hospital of Tustin,053034,(714)832-9200,"15120 Kensington Park Dr, Tustin, CA 92782-1801, Tustin, CA, 92782",CA,https://www.encompasshealth.com/locations/tustin-rehab,330695017_Encompass-Health-Rehabilitation-Hospital-of-Tustin_standardcharges.csv,https://edge.sitecorecloud.io/encompasshee178-encompasshed9db-prodb258-07da/media/Project/EncompassHealth/encompasshealth/Files/1-price-transparency/330695017_Encompass-Health-Rehabilitation-Hospital-of-Tustin_standardcharges.csv,https://www.encompasshealth.com/locations/tustin-rehab/financial-information/price-transparency,2ccaae651cb80bfeaabe4db2c3eebac025f781dc55649e2c49a6890c11af76b6,mrfs.csv
Sutter Surgical Hospital - North Valley,050766,(530) 749-5700,"455 Plumas Blvd, Yuba City, CA 95991, Yuba City, CA, 95991",CA,https://www.sutterhealth.org/find-location/facility/sutter-surgical-hospital-north-valley-1043246956,352182617-1336333954_sutter-north-valley-surgical-hospital_standardcharges.csv,https://edge.sitecorecloud.io/sutterhealt962c-sutterhealt8fce-production57cc-4860/media/Project/SutterHealth/SutterHealth/Files/billing-insurance/costs-and-charges/352182617-1336333954_sutter-north-valley-surgical-hospital_standardcharges.csv,https://www.sutterhealth.org/billing-insurance/costs-and-charges/cost-transparency,988d6eaee5de8911886b9636849d6d45c46288c85ca692975888888dedf4e325,"mrfs.csv,manifest.json,downloaded"
Loma Linda University Medical Center - Murrieta,050770,951-704-1924,"28062 Baxter Road, Murrieta, CA 92563, Murrieta, CA, 92563",CA,https://lluh.org/locations/loma-linda-university-medical-center-murrieta,371705906_loma-linda-university-medical-center--murrieta_standardcharges.csv,https://pricetransparency.healthcare/llu-murrieta/charges/export,https://pricetransparency.healthcare/llu-murrieta/charges/,78b222a6a5a4155fc301d57d00b410754e1b94acb9073e811f6ad8b5a1cb7474,mrfs.csv
Reedley Community Hospital,050192,(559) 638-8155,"372 W Cypress Ave Reedley CA 93654, Reedley, CA, 93654",CA,https://www.adventisthealth.org/reedley/,453220509_reedley-community-hospital_standardcharges.csv,https://apps.para-hcfs.com/PTT/FinalLinks/Reports.aspx?dbName=dbAHRREEDLEYCA&type=CDMWithoutLabel&fileType=CSV,https://www.adventisthealth.org/patient-resources/bill-pay/price-transparency,3555c240763934d0bb54af3a2be75a98035fcf8e4ba676dea5dc6feced258b1a,mrfs.csv
"Pipeline Health System Holdings, LLC",050641,(323) 268-5514,"4060 E Whittier Blvd, Los Angeles, CA 90023, Los Angeles, CA, 90023",CA,https://www.eladoctorshospital.com/,"760594559_pipeline-health-system-holdings,-llc_standardcharges.csv","https://sthpiprd.blob.core.windows.net/machine-readable-files/8429/760594559_pipeline-health-system-holdings,-llc_standardcharges.csv",https://search.hospitalpriceindex.com/hpi2/machineReadable/EastLosAngelesDoctorsHospital/8429,5261c365e20842a46492106dc2ddc63a565cc1d2c8f96fa4ac9625bd585c83de,"mrfs.csv,downloaded"
"Pipeline Health System Holdings, LLC",050468,(310) 532-4200,"1145 West Redondo Beach Blvd, Gardena, CA 90247, Gardena, CA, 90247",CA,https://www.memorialhospitalgardena.com/,"760594558-1194016923_pipeline-health-system-holdings,-llc_standardcharges.csv",https://sthpiprd.blob.core.windows.net/machine-readable-files/8430/760594558-1194016923_pipeline-health-system-holdings%2C-llc_standardcharges.csv,https://search.hospitalpriceindex.com/hpi2/machineReadable/MemorialHospitalOfGardena/8430,59de127884ec6543ae69d6ab4be4e5cc3cdec317949f5bb9e9e61034f8396803,"mrfs.csv,downloaded"
Adventist Health Medical Center Tehachapi,051301,(661) 823-3000,"1100 Magellan Dr Tehachapi CA 93561, Tehachapi, CA, 93561",CA,https://www.adventisthealth.org/tehachapi-valley/,812240617_adventist-health-medical-center-tehachapi_standardcharges.csv,https://apps.para-hcfs.com/PTT/FinalLinks/Reports.aspx?dbName=dbTHTEHACHAPICA&type=CDMWithoutLabel&fileType=CSV,https://www.adventisthealth.org/patient-resources/bill-pay/price-transparency,574e602510bef8428a607b4cc3246792313805780143960455783625577537e9,mrfs.csv
Colusa Regional Medical Center,050783,(530) 619-0800,"199 E Webster St Colusa CA 95932, Colusa, CA, 95932",CA,https://colusamedcenter.com/,814005462_colusa-regional-medical-center_standardcharges.csv,https://apps.para-hcfs.com/PTT/FinalLinks/Reports.aspx?dbName=dbCRMCCOLUSACA&type=CDMWithoutLabel&fileType=CSV,https://apps.para-hcfs.com/PTT/FinalLinks/AmericanAdvancedColusa.aspx,865158a1886db875baeecf2f9b8f590a362aa1e08d4a9332bffa1ef511889d16,mrfs.csv
Encompass Health Rehabilitation Hospital of Murrieta,053042,(951) 246-6500,"35470 Whitewood Road, Murrieta, CA 92563-2415, Murrieta, CA, 92563",CA,https://www.encompasshealth.com/locations/murrieta-rehab,823473130_Encompass-Health-Rehabilitation-Hospital-of-Murrieta_standardcharges.csv,https://edge.sitecorecloud.io/encompasshee178-encompasshed9db-prodb258-07da/media/Project/EncompassHealth/encompasshealth/Files/1-price-transparency/823473130_Encompass-Health-Rehabilitation-Hospital-of-Murrieta_standardcharges.csv,https://www.encompasshealth.com/locations/murrieta-rehab/financial-information/price-transparency,63ba9e3e53071adaffa3642ebbf021bbcfedbb63f6f7dbab36988c523972c578,mrfs.csv
Sonoma Specialty Hospital LLC,052057,(707) 823-8511,"501 PETALUMA AVENUE SEBASTOPOL CA 95472, Sebastopol, CA, 95472",CA,https://sonomaspecialtyhospital.org/,831534467_sonoma-specialty-hospital_standardcharges.csv,https://apps.para-hcfs.com/PTT/FinalLinks/Reports.aspx?dbName=dbSSHSEBASTOPOLCA&type=CDMWithoutLabel&fileType=CSV,https://apps.para-hcfs.com/PTT/FinalLinks/AmericanAdvancedSonoma.aspx,4df072dc631ff41c687cdd1e6dbf3ce8cd7585f31a11936a37a92d8f9bf34a7b,mrfs.csv
USC Verdugo Hills Hospital,050124,(818) 790-7100,"1812 Verdugo Blvd, Glendale, CA 91209, Glendale, CA, 91209",CA,https://uscvhh.org/,851634852_usc-verdugo-hills-hospital_standardcharges.csv,https://hospitalpricedisclosure.com/download.aspx?pi=h0rmgXMGiSXmDqPqnFmWhA*-*,https://hospitalpricedisclosure.com/default.aspx?ci=9pu5*_*S9I3IlIh8XJQHHcBw*-*,ded30b4d0a43531670a25f9089215babf37210922506d9d71a32ea0448cd4efc,"mrfs.csv,manifest.json"
Keck Hospital of USC,050696,800-872-2273,"1500 San Pablo Street, Los Angeles, CA 90033, Los Angeles, CA, 90033",CA,https://www.keckmedicine.org/about/keck-hospital-of-usc/,851644866_keck-hospital-of-usc_standardcharges.csv,https://hospitalpricedisclosure.com/download.aspx?pi=5fSixiuBb0ZpZwZgOthF7A*-*,https://hospitalpricedisclosure.com/default.aspx?ci=9pu5*_*S9I3IlIh8XJQHHcBw*-*,a0941870fcc678700083109f5724ced6da381cf1949166f718d04055293a4240,"mrfs.csv,manifest.json"
Sierra Vista Hospital Inc,050506,(805) 546-7600,"1010 Murray Ave San Luis Obispo CA 93405, San Luis Obispo, CA, 93405",CA,https://adventisthealth.org/central-coast/,900942222_sierra-vista-hospital-inc_standardcharges.csv,https://apps.para-hcfs.com/PTT/FinalLinks/Reports.aspx?dbName=dbSVRMSANLUISOBISPOCA&type=CDMWithoutLabel&fileType=CSV,https://www.adventisthealth.org/patient-resources/bill-pay/price-transparency/,d0238d36dd9b88e5f2f138f471ce30ed369cec3dd1db0618215ee63fbae03c8c,mrfs.csv
Kentfield Hospital San Francisco,052056,415-688-3200,"450 Stanyan St. 6th Floor San Francisco CA 94117, San Francisco, CA, 94117",CA,https://kentfieldsanfrancisco.org/,932713167_kentfield-hospital-san-francisco_standardcharges.csv,https://nam12.safelinks.protection.outlook.com/?url=https%3A%2F%2Fapps.para-hcfs.com%2FPTT%2FFinalLinks%2FReports.aspx%3FdbName%3DdbKRHSFKentfieldCA%26type%3DCDMWithoutLabel%26fileType%3DCSV&data=05%7C02%7Clstark%40orchardhospital.com%7C04bf7c92ff7b40b9f4d508de5dcbe101%7C5dd9d70f719b48c2a644115f02345a69%7C0%7C0%7C639051327852687236%7CUnknown%7CTWFpbGZsb3d8eyJFbXB0eU1hcGkiOnRydWUsIlYiOiIwLjAuMDAwMCIsIlAiOiJXaW4zMiIsIkFOIjoiTWFpbCIsIldUIjoyfQ%3D%3D%7C0%7C%7C%7C&sdata=77Y8Qpp%2FCChKcGIeRmtl84YrOumA6u09jxLBysv0USM%3D&reserved=0,https://kentfieldsanfrancisco.org/price-transparency,aa5ee35b36217e73dd4c4405abd7eb6723ac3cfe80cbc5011facc064053f0080,mrfs.csv
Kentfield Hospital San Francisco,052056,415-688-3200,"450 Stanyan St 6th Floor San Francisco CA 94117, San Francisco, CA, 94117",CA,https://kentfieldsanfrancisco.org/,932713167_kentfield-hospital-san-francisco_standardcharges.csv,https://nam12.safelinks.protection.outlook.com/?url=https%3A%2F%2Fapps.para-hcfs.com%2FPTT%2FFinalLinks%2FReports.aspx%3FdbName%3DdbKRHSFKentfieldCA%26type%3DCDMWithoutLabel%26fileType%3DCSV&data=05%7C02%7Clstark%40orchardhospital.com%7C04bf7c92ff7b40b9f4d508de5dcbe101%7C5dd9d70f719b48c2a644115f02345a69%7C0%7C0%7C639051327852687236%7CUnknown%7CTWFpbGZsb3d8eyJFbXB0eU1hcGkiOnRydWUsIlYiOiIwLjAuMDAwMCIsIlAiOiJXaW4zMiIsIkFOIjoiTWFpbCIsIldUIjoyfQ%3D%3D%7C0%7C%7C%7C&sdata=77Y8Qpp%2FCChKcGIeRmtl84YrOumA6u09jxLBysv0USM%3D&reserved=0,https://kentfieldsanfrancisco.org/price-transparency,aa5ee35b36217e73dd4c4405abd7eb6723ac3cfe80cbc5011facc064053f0080,mrfs.csv
Kentfield Rehabilitation Hospital,052043,415-456-9680,"1125 Sir Francis Drake Blvd Kentfield CA 94904, Kentfield, CA, 94904",CA,https://kentfieldhospital.org/,932713167_kentfield-hospital_standardcharges.csv,https://apps.para-hcfs.com/PTT/FinalLinks/Reports.aspx?dbName=dbKRHKENTFIELDCA&type=CDMWithoutLabel&fileType=CSVKENTIFIELD,https://kentfieldhospital.org/price-transparency,5b50630865c9a79974244b8a4936d85b46994c7ef08e66e3e51a3e5b57ebdfe5,mrfs.csv
Valley Children's Hospital,053300,559-353-3000,"9300 Valley Childrens Pl, Madera, CA, 93636",CA,https://www.valleychildrens.org/,94-1294954_valley-childrens-hospital_standardcharges.csv,https://share.valleychildrens.org/link/1da4f783-fbd1-4c47-b93c-18c815cfc45e,https://www.valleychildrens.org/node/1667,1c44c239d8a609e0e4cfc9394ad6be3aa518c054ba6f4e7438b6044cac2790e8,mrfs.csv
Chinese Hospital Association,050407,(415) 982-2400,"845 Jackson St San Francisco CA 94133, San Francisco, CA, 94133",CA,https://chinesehospital-sf.org/,940382780_chinese-hospital-association_standardcharges.csv,https://apps.para-hcfs.com/PTT/FinalLinks/Reports.aspx?dbName=dbCHSANFRANCISCOCA&type=CDMWithoutLabel&fileType=CSV,https://protect-us.mimecast.com/s/1lZ5CL9Vl8t056Auqfikw?domain=apps.para-hcfs.com,26599c77ba8419d2260d1c89f03d39f2c6c89f2f8e4a6ca20f05b4c8f9c63b2c,"mrfs.csv,manifest.json"
Hanford Community Hospital,940535360,,"115 Mall Dr Hanford CA 93230, Hanford, CA, 93230",CA,,940535360_hanford-community-hospital_standardcharges-2.csv,https://apps.para-hcfs.com/PTT/FinalLinks/Reports.aspx?dbName=dbHCMCHANFORDCA&type=CDMWithoutLabel&fileType=CSV,,3f5c6d5a6c09f9f85a8edf9f527ff1e83b03a22a77d0b552fffae40290871b97,db_only
Hanford Community Hospital,940535360,,"1141 Rose Avenue Selma CA 93662, Selma, CA, 93662",CA,,940535360_hanford-community-hospital_standardcharges-2.csv,https://apps.para-hcfs.com/PTT/FinalLinks/Reports.aspx?dbName=dbHCMCHANFORDCA&type=CDMWithoutLabel&fileType=CSV,,3f5c6d5a6c09f9f85a8edf9f527ff1e83b03a22a77d0b552fffae40290871b97,db_only
Hebrew Home for Aged Disabled DBA Jewish Home,054089,(415) 334-2500,"302 Silver Avenue, San Francisco CA 94112, San Francisco, CA, 94112",CA,https://sfcjl.org/,940545320_hebrew-home-for-aged-disabled_standardcharges.csv,https://jewishliving.pt.panaceainc.com/MRFDownload/jewishliving/sfcampus,www.sfcjl.org,2040e676290f35b51f89d8b1764aa923113a34e5b7f0b857a9e773a915539bbe,mrfs.csv
Mills-Peninsula Medical Center,050007,(650) 696-5400,"1501 Trousdale Drive, Burlingame, CA 94010, Burlingame, CA, 94010",CA,https://www.sutterhealth.org/find-location/facility/mills-peninsula-medical-center-1043246780,940562680-1043670334_mills-peninsula-medical-center_standardcharges.csv,https://edge.sitecorecloud.io/sutterhealt962c-sutterhealt8fce-production57cc-4860/media/Project/SutterHealth/SutterHealth/Files/billing-insurance/costs-and-charges/940562680-1043670334_mills-peninsula-medical-center_standardcharges.csv,https://www.sutterhealth.org/billing-insurance/costs-and-charges/cost-transparency,c2cce9d2d44ed92c709fa1f6d400f2e4b1ea2a9aee29e3bcb202bcf89fcd323e,"mrfs.csv,manifest.json,downloaded"
Mills Health Center,,(650) 696-5400,"100 S San Mateo Dr, San Mateo, CA 94401, San Mateo, CA, 94401",CA,https://www.sutterhealth.org/find-location/facility/mills-health-center-1043247107,940562680-1043670342_mills-health-center_standardcharges.csv,https://edge.sitecorecloud.io/sutterhealt962c-sutterhealt8fce-production57cc-4860/media/Project/SutterHealth/SutterHealth/Files/billing-insurance/costs-and-charges/940562680-1043670342_mills-health-center_standardcharges.csv,https://www.sutterhealth.org/billing-insurance/costs-and-charges/cost-transparency,0893aeed1f7ff228e169e1c5ebbc319a16befee712c39db12060d56fccfabd14,"mrfs.csv,manifest.json,downloaded"
Eden Medical Center,050488,(510) 537-1234,"20103 Lake Chabot Road, Castro Valley, CA 94546, Castro Valley, CA, 94546",CA,https://www.sutterhealth.org/find-location/facility/eden-medical-center-1043246538,940562680-1063812907_eden-medical-center_standardcharges.csv,https://edge.sitecorecloud.io/sutterhealt962c-sutterhealt8fce-production57cc-4860/media/Project/SutterHealth/SutterHealth/Files/billing-insurance/costs-and-charges/940562680-1063812907_eden-medical-center_standardcharges.csv,https://www.sutterhealth.org/billing-insurance/costs-and-charges/cost-transparency,3f0be86f3c37c4734be1d553dc9f6956d9b29488c6e630d152c723fd6f471dab,"mrfs.csv,manifest.json,downloaded"
Novato Community Hospital,050131,(415) 209-1300,"180 Rowland Way, Novato, CA 94945, Novato, CA, 94945",CA,https://www.sutterhealth.org/find-location/facility/novato-community-hospital-1043246701,940562680-1104059153_novato-community-hospital_standardcharges.csv,https://edge.sitecorecloud.io/sutterhealt962c-sutterhealt8fce-production57cc-4860/media/Project/SutterHealth/SutterHealth/Files/billing-insurance/costs-and-charges/940562680-1104059153_novato-community-hospital_standardcharges.csv,https://www.sutterhealth.org/billing-insurance/costs-and-charges/cost-transparency,842dc263aa32f517394acad44b3691c65830308c0deed5cb3a2a26514789a3a1,"mrfs.csv,manifest.json,downloaded"
Alta Bates Summit Medical Center - Summit Campus,050043,(510) 655-4000,"350 Hawthorne Avenue, Oakland, CA 94609, Oakland, CA, 94609",CA,https://www.sutterhealth.org/find-location/facility/alta-bates-summit-medical-center-summit-campus-1043246587,940562680-1194171371_alta-bates-summit-medical-center-hawthorne-campus_standardcharges.csv,https://edge.sitecorecloud.io/sutterhealt962c-sutterhealt8fce-production57cc-4860/media/Project/SutterHealth/SutterHealth/Files/billing-insurance/costs-and-charges/940562680-1194171371_alta-bates-summit-medical-center-hawthorne-campus_standardcharges.csv,https://www.sutterhealth.org/billing-insurance/costs-and-charges/cost-transparency,1ee1ff3b0fcc54e49fba6da0bdf6414910d1d38c28a02a522b7763cefa79b1f2,"mrfs.csv,manifest.json,downloaded"
Alta Bates Summit Medical Center,,(510) 655-4000,"350 Hawthorne Avenue, Oakland, CA 94609, Oakland, CA, 94609",CA,https://www.sutterhealth.org/find-location/facility/alta-bates-summit-medical-center-alta-bates-campus-1043246519,940562680-1295181477_alta-bates-summit-medical-center-summit-campus_standardcharges.csv,https://edge.sitecorecloud.io/sutterhealt962c-sutterhealt8fce-production57cc-4860/media/Project/SutterHealth/SutterHealth/Files/billing-insurance/costs-and-charges/940562680-1295181477_alta-bates-summit-medical-center-summit-campus_standardcharges.csv,https://www.sutterhealth.org/billing-insurance/costs-and-charges/cost-transparency,5e7f6c5a75380d9ed9198e239efeb79c03c293630a373600c049841c13d6e367,"mrfs.csv,manifest.json,downloaded"
Alta Bates Summit Medical Center - Herrick Campus,,(510) 204-4444,"2001 Dwight Way, Berkeley, CA 94704-2608, Berkeley, CA, 94704",CA,https://www.sutterhealth.org/find-location/facility/alta-bates-summit-medical-center-herrick-campus-1043246571,940562680-1447604814_alta-bates-summit-medical-center-herrick-campus_standardcharges.csv,https://edge.sitecorecloud.io/sutterhealt962c-sutterhealt8fce-production57cc-4860/media/Project/SutterHealth/SutterHealth/Files/billing-insurance/costs-and-charges/940562680-1447604814_alta-bates-summit-medical-center-herrick-campus_standardcharges.csv,https://www.sutterhealth.org/billing-insurance/costs-and-charges/cost-transparency,ac468a70f6a6bd5459bf12103d8ecb608b4bad0ca0db6109a8ab8696f5d0f787,"mrfs.csv,manifest.json,downloaded"
Sutter Delta Medical Center,050523,(925) 779-7200,"3901 Lone Tree Way, Antioch, CA 94509, Antioch, CA, 94509",CA,https://www.sutterhealth.org/find-location/facility/sutter-delta-medical-center-1043246751,940562680-1467808659_sutter-delta-medical-center_standardcharges.csv,https://edge.sitecorecloud.io/sutterhealt962c-sutterhealt8fce-production57cc-4860/media/Project/SutterHealth/SutterHealth/Files/billing-insurance/costs-and-charges/940562680-1467808659_sutter-delta-medical-center_standardcharges.csv,https://www.sutterhealth.org/billing-insurance/costs-and-charges/cost-transparency,779e020078cf5e11c8e9ba63f54db2279952beef9b1a4108e9eb27eb6ed57065,"mrfs.csv,manifest.json,downloaded"
Alta Bates Summit Medical Center - Alta Bates Camp,050305,(510) 204-4444,"2450 Ashby Avenue, Berkeley, CA 94705, Berkeley, CA, 94705",CA,https://www.sutterhealth.org/find-location/facility/alta-bates-summit-medical-center-alta-bates-campus-1043246519,940562680-1639523004_alta-bates-summit-medical-center-alta-bates-campus_standardcharges.csv,https://edge.sitecorecloud.io/sutterhealt962c-sutterhealt8fce-production57cc-4860/media/Project/SutterHealth/SutterHealth/Files/billing-insurance/costs-and-charges/940562680-1639523004_alta-bates-summit-medical-center-alta-bates-campus_standardcharges.csv,https://www.sutterhealth.org/billing-insurance/costs-and-charges/cost-transparency,8865e4d798a1e89cc54f4f0d18c060ca98b65270ef10a2b72387cf63e56b0a1f,"mrfs.csv,manifest.json,downloaded"
California Pacific Medical Ctr-Davies Campus Hospital,050008,(415) 600-6000,"601 Duboce Avenue, San Francisco, CA 94117, San Francisco, CA, 94117",CA,https://www.sutterhealth.org/find-location/facility/cpmc-davies-campus-1043247011,940562680-1659439834_california-pacific-medical-center-davies-campus_standardcharges.csv,https://edge.sitecorecloud.io/sutterhealt962c-sutterhealt8fce-production57cc-4860/media/Project/SutterHealth/SutterHealth/Files/billing-insurance/costs-and-charges/940562680-1659439834_california-pacific-medical-center-davies-campus_standardcharges.csv,https://www.sutterhealth.org/billing-insurance/costs-and-charges/cost-transparency,aca607a07f6a4b74aeed6d707e870b8485a44f4683f7da43f98097e9989c1cd1,"mrfs.csv,manifest.json,downloaded"
Sutter Maternity & Surgery Center of Santa Cruz,050714,(831) 477-2200,"2900 Chanticleer Avenue, Santa Cruz, CA 95065, Santa Cruz, CA, 95065",CA,https://www.sutterhealth.org/find-location/facility/sutter-maternity-surgery-center-of-santa-cruz-1043246642,940562680-1689035628_sutter-maternity-surgery-center-of-santa-cruz_standardcharges.csv,https://edge.sitecorecloud.io/sutterhealt962c-sutterhealt8fce-production57cc-4860/media/Project/SutterHealth/SutterHealth/Files/billing-insurance/costs-and-charges/940562680-1689035628_sutter-maternity-surgery-center-of-santa-cruz_standardcharges.csv,https://www.sutterhealth.org/billing-insurance/costs-and-charges/cost-transparency,208d3f505f7f7ad2502d5599388d230fea1523f2ec1f4d716b4e5236c805bc40,"mrfs.csv,manifest.json,downloaded"
California Pacific Medical Center - Mission Bernal,050055,(415) 600-6000,"3555 Cesar Chavez, San Francisco, CA 94110, San Francisco, CA, 94110",CA,https://www.sutterhealth.org/find-location/facility/cpmc-mission-bernal-campus-orthopedic-institute-1043246991,940562680-1730238007_california-pacific-medical-center-mission-bernal-campus_standardcharges.csv,https://edge.sitecorecloud.io/sutterhealt962c-sutterhealt8fce-production57cc-4860/media/Project/SutterHealth/SutterHealth/Files/billing-insurance/costs-and-charges/940562680-1730238007_california-pacific-medical-center-mission-bernal-campus_standardcharges.csv,https://www.sutterhealth.org/billing-insurance/costs-and-charges/cost-transparency,fca8a7ccd9140dbd0416d8f55cf30e6ab13426d705b612cb1808925b16d3b633,"mrfs.csv,manifest.json,downloaded"
California Pacific Medical Center- Van Ness Campus,940562680,,"1101 Van Ness Avenue, San Francisco, CA 94109, San Francisco, CA, 94109",CA,,940562680-1740348929_california-pacific-medical-center-van-ness-campus_standardcharges-2.csv,https://edge.sitecorecloud.io/sutterhealt962c-sutterhealt8fce-production57cc-4860/media/Project/SutterHealth/SutterHealth/Files/billing-insurance/costs-and-charges/940562680-1740348929_california-pacific-medical-center-van-ness-campus_standardcharges.csv,,520413ac8856af16cfe5fd2834358241c62930d82ed31cd17b3904424c778d6a,db_only
Sutter Santa Rosa Regional Hospital,050291,(707) 576-4000,"30 Mark West Springs Road, Santa Rosa, CA 95403, Santa Rosa, CA, 95403",CA,https://www.sutterhealth.org/find-location/facility/sutter-santa-rosa-regional-hospital-1043247018,940562680-1740413798_sutter-santa-rosa-regional-hospital_standardcharges.csv,https://edge.sitecorecloud.io/sutterhealt962c-sutterhealt8fce-production57cc-4860/media/Project/SutterHealth/SutterHealth/Files/billing-insurance/costs-and-charges/940562680-1740413798_sutter-santa-rosa-regional-hospital_standardcharges.csv,https://www.sutterhealth.org/billing-insurance/costs-and-charges/cost-transparency,31ac172a9dabc0ac2f98daa99aed3d5a45d12d590f873e9ef4ec134f7afd35b3,"mrfs.csv,manifest.json,downloaded"
Sutter Lakeside Hospital,051329,(707) 262-5000,"5176 Hill Road East, Lakeport, CA 95453, Lakeport, CA, 95453",CA,https://www.sutterhealth.org/find-location/facility/sutter-lakeside-hospital-1043247026,940562680-1952634008_sutter-lakeside-hospital_standardcharges.csv,https://edge.sitecorecloud.io/sutterhealt962c-sutterhealt8fce-production57cc-4860/media/Project/SutterHealth/SutterHealth/Files/billing-insurance/costs-and-charges/940562680-1952634008_sutter-lakeside-hospital_standardcharges.csv,https://www.sutterhealth.org/billing-insurance/costs-and-charges/cost-transparency,875869efe9877db7f243dce442732c4c6f6802bc97b2eac4076c55b917284876,"mrfs.csv,manifest.json,downloaded"
Lodi Memorial Hospital Association Inc,050336,(209) 334-3411,"975 S Fairmont Ave Lodi CA 95240, Lodi, CA, 95240",CA,https://www.adventisthealth.org/lodi-memorial/,941044474_lodi-memorial-hospital-association-inc_standardcharges.csv,https://apps.para-hcfs.com/PTT/FinalLinks/Reports.aspx?dbName=dbAHLMLODICA&type=CDMWithoutLabel&fileType=CSV,https://www.adventisthealth.org/patient-resources/bill-pay/price-transparency,eb529a2980646f760331a24ee416722e2d9a6c40398d889348f74f0107eb7877,mrfs.csv
Orchard Hospital,051311,(530) 846-9000,"240 Spruce St Gridley CA 95948, Gridley, CA, 95948",CA,https://orchardhospital.com/,941049467_american-advanced---orchard-hospital-_standardcharges.csv,https://apps.para-hcfs.com/PTT/FinalLinks/Reports.aspx?dbName=dbOHGRIDLEYCA&type=CDMWithoutLabel&fileType=CSV,https://apps.para-hcfs.com/PTT/FinalLinks/Orchard_V2.aspx,17668f6603475ffd5ecfef511082123a9512ea08e3a8fc81e13897d39e08fa19,mrfs.csv
Fresno Community Hospital and Medical Center,941156276,,"15 E. Audubon Dr., Fresno, CA 93720, Fresno, CA, 93720",CA,,941156276-1104906569_fresno-community-hospital-and-medical-center_standardcharges-3.csv,https://sthpiprd.blob.core.windows.net/machine-readable-files/8230/941156276-1104906569_fresno-community-hospital-and-medical-center_standardcharges.csv,,8450b8744005088993ebe387da2f128867b62e2e0eb4cd60446c0b016286a875,db_only
Fresno Community Hospital and Medical Center,050732,(559) 433-8000,"7171 N. Cedar Ave., Fresno, CA 93720, Fresno, CA, 93720",CA,https://www.communitymedical.org/locations/fresno-heart-surgical-hospital,941156276-1104906569_fresno-community-hospital-and-medical-center_standardcharges.csv,https://sthpiprd.blob.core.windows.net/machine-readable-files/8230/941156276-1104906569_fresno-community-hospital-and-medical-center_standardcharges.csv,https://search.hospitalpriceindex.com/hpi2/machineReadable/FresnoHeartandSurgicalHospital/8230,8450b8744005088993ebe387da2f128867b62e2e0eb4cd60446c0b016286a875,mrfs.csv
Sutter Auburn Faith Hospital,050498,(530) 888-4500,"11815 Education Street, Auburn, CA 95603, Auburn, CA, 95603",CA,https://www.sutterhealth.org/find-location/facility/sutter-auburn-faith-hospital-1043247093,941156621-1194774299_sutter-auburn-faith-hospital_standardcharges.csv,https://edge.sitecorecloud.io/sutterhealt962c-sutterhealt8fce-production57cc-4860/media/Project/SutterHealth/SutterHealth/Files/billing-insurance/costs-and-charges/941156621-1194774299_sutter-auburn-faith-hospital_standardcharges.csv,https://www.sutterhealth.org/billing-insurance/costs-and-charges/cost-transparency,e062dbfb4a7da561a301f279ac2a8a6fc8d442e7532186a78f658c746d3a6844,"mrfs.csv,manifest.json,downloaded"
Sutter Roseville Medical Center,050309,(916) 781-1000,"One Medical Plaza, Roseville, CA 95661, Roseville, CA, 95661",CA,https://www.sutterhealth.org/find-location/facility/sutter-roseville-medical-center-1043247063,941156621-1356390264_sutter-roseville-medical-center_standardcharges.csv,https://edge.sitecorecloud.io/sutterhealt962c-sutterhealt8fce-production57cc-4860/media/Project/SutterHealth/SutterHealth/Files/billing-insurance/costs-and-charges/941156621-1356390264_sutter-roseville-medical-center_standardcharges.csv,https://www.sutterhealth.org/billing-insurance/costs-and-charges/cost-transparency,6694d41e21d4d0a6fca2184efa8da0c8c309b002e7ee8ae0fa50c84da1b321d8,"mrfs.csv,manifest.json,downloaded"
Sutter Solano Medical Center,050101,(707) 554-4444,"300 Hospital Dr, Vallejo, CA 94589, Vallejo, CA, 94589",CA,https://www.sutterhealth.org/find-location/facility/sutter-solano-medical-center-1043247106,941156621-1366686248_sutter-solano-medical-center_standardcharges.csv,https://edge.sitecorecloud.io/sutterhealt962c-sutterhealt8fce-production57cc-4860/media/Project/SutterHealth/SutterHealth/Files/billing-insurance/costs-and-charges/941156621-1366686248_sutter-solano-medical-center_standardcharges.csv,https://www.sutterhealth.org/billing-insurance/costs-and-charges/cost-transparency,7cd7318c351799a63721868dd8caa9ce1eb869525b7d3c090f68e08dc7caab05,"mrfs.csv,manifest.json,downloaded"
Memorial Hospital Los Banos,050528,(209) 826-0591,"520 West I St, Los Banos, CA 93635, Los Banos, CA, 93635",CA,https://www.sutterhealth.org/find-location/facility/memorial-hospital-los-banos-1043246682,941156621-1366896300_memorial-hospital-los-banos_standardcharges.csv,https://edge.sitecorecloud.io/sutterhealt962c-sutterhealt8fce-production57cc-4860/media/Project/SutterHealth/SutterHealth/Files/billing-insurance/costs-and-charges/941156621-1366896300_memorial-hospital-los-banos_standardcharges.csv,https://www.sutterhealth.org/billing-insurance/costs-and-charges/cost-transparency,077a84101c6c86bb4448f0e0e533e6afd57f8c262caee6f18dee727f77026b63,"mrfs.csv,manifest.json,downloaded"
Sutter Amador Hospital,050014,209-223-7500,"200 Mission Blvd, Jackson, CA 95642, Jackson, CA, 95642",CA,https://www.sutterhealth.org/find-location/facility/sutter-amador-hospital-1043246712,941156621-1447494323_sutter-amador-hospital_standardcharges.csv,https://edge.sitecorecloud.io/sutterhealt962c-sutterhealt8fce-production57cc-4860/media/Project/SutterHealth/SutterHealth/Files/billing-insurance/costs-and-charges/941156621-1447494323_sutter-amador-hospital_standardcharges.csv,https://www.sutterhealth.org/billing-insurance/costs-and-charges/cost-transparency,7dd1254630a216278618e4d3d5456e89ea14536728bcc156d4eb3fff5a0e9eb1,"mrfs.csv,manifest.json,downloaded"
Memorial Medical Center,050557,(209) 526-4500,"1700 Coffee Rd, Modesto, CA 95355, Modesto, CA, 95355",CA,https://www.sutterhealth.org/find-location/facility/memorial-medical-center-1043246633,941156621-1699129601_memorial-medical-center_standardcharges.csv,https://edge.sitecorecloud.io/sutterhealt962c-sutterhealt8fce-production57cc-4860/media/Project/SutterHealth/SutterHealth/Files/billing-insurance/costs-and-charges/941156621-1699129601_memorial-medical-center_standardcharges.csv,https://www.sutterhealth.org/billing-insurance/costs-and-charges/cost-transparency,e0e7f7861c2527af925045423f07fde006ea9ede59c8aed362072978da41b311,"mrfs.csv,manifest.json,downloaded"
Sutter Davis Hospital,050537,(530) 756-6440,"2000 Sutter Place, Davis, CA 95616, Davis, CA, 95616",CA,https://www.sutterhealth.org/find-location/facility/sutter-davis-hospital-1043246737,941156621-1770532608_sutter-davis-hospital_standardcharges.csv,https://edge.sitecorecloud.io/sutterhealt962c-sutterhealt8fce-production57cc-4860/media/Project/SutterHealth/SutterHealth/Files/billing-insurance/costs-and-charges/941156621-1770532608_sutter-davis-hospital_standardcharges.csv,https://www.sutterhealth.org/billing-insurance/costs-and-charges/cost-transparency,979cd43d24886881ce88d2e1bfed413c6856a0590a77defb68a1c21cb5316744,"mrfs.csv,manifest.json,downloaded"
"Sutter Medical Center, Sacramento",050108,(916) 887-0000,"2825 Capitol Avenue, Sacramento, CA 95816, Sacramento, CA, 95816",CA,https://www.sutterhealth.org/find-location/facility/sutter-medical-center-anderson-lucchetti-women-s-children-s-center-1043246781,941156621-1811946734_sutter-medical-center-sacramento_standardcharges.csv,https://edge.sitecorecloud.io/sutterhealt962c-sutterhealt8fce-production57cc-4860/media/Project/SutterHealth/SutterHealth/Files/billing-insurance/costs-and-charges/941156621-1811946734_sutter-medical-center-sacramento_standardcharges.csv,https://www.sutterhealth.org/billing-insurance/costs-and-charges/cost-transparency,79ef2a6031ce18359c2adc27dcf968f250782c6e0e47c0d084e4d58b978c8f25,"mrfs.csv,manifest.json,downloaded"
Sutter Tracy Community Hospital,050313,(209) 835-1500,"1420 North Tracy Blvd, Tracy, CA 95376, Tracy, CA, 95376",CA,https://www.sutterhealth.org/find-location/facility/sutter-tracy-community-hospital-1043246708,941156621-1821442864_sutter-tracy-community-hospital_standardcharges.csv,https://edge.sitecorecloud.io/sutterhealt962c-sutterhealt8fce-production57cc-4860/media/Project/SutterHealth/SutterHealth/Files/billing-insurance/costs-and-charges/941156621-1821442864_sutter-tracy-community-hospital_standardcharges.csv,https://www.sutterhealth.org/billing-insurance/costs-and-charges/cost-transparency,de5695e1251a5efe5ada37943e7e917bed8e1ef283fc1bd6f38d8cb607083b73,"mrfs.csv,manifest.json,downloaded"
Sutter Center For Psychiatry,054096,(916) 386-3000,"7700 Folsom Blvd, Sacramento, CA 95826, Sacramento, CA, 95826",CA,https://www.sutterhealth.org/find-location/facility/sutter-center-for-psychiatry-1043246594,941156621-1952350944_sutter-center-for-psychiatry_standardcharges.csv,https://edge.sitecorecloud.io/sutterhealt962c-sutterhealt8fce-production57cc-4860/media/Project/SutterHealth/SutterHealth/Files/billing-insurance/costs-and-charges/941156621-1952350944_sutter-center-for-psychiatry_standardcharges.csv,https://www.sutterhealth.org/billing-insurance/costs-and-charges/cost-transparency,405b0b96512c561ba35be0e0a7099d79706edba1b32effa5fc4b88ed27cf2eaf,"mrfs.csv,manifest.json,downloaded"
Dameron Hospital Association,050122,209-944-5550,"525 W Acacia St Stockton CA 95203, Stockton, CA, 95203",CA,https://www.dameronhospital.org/,941201197_dameron-hospital_standardcharges.csv,https://apps.para-hcfs.com/PTT/FinalLinks/Reports.aspx?dbName=dbDameron&type=CDMWithoutLabel&fileType=CSV,https://apps.para-hcfs.com/PTT/FinalLinks/Dameron_Hospital.aspx,5f600a77e7e1183027bf17b33886b139ca8287947660c6fed07fed928a0ec898,mrfs.csv
St. Helena Hospital,941279779,,"10 Woodland Rd Saint Helena CA 94574, Helena, CA, 94574",CA,,941279779_st-helena-hospital_standardcharges-2.csv,https://apps.para-hcfs.com/PTT/FinalLinks/Reports.aspx?dbName=dbAHSHSAINTHELENACA&type=CDMWithoutLabel&fileType=CSV,,c86201254f74b76dec27428e5902f3b4b8991145be05f9ebdcf14acd8e7a40a1,db_only
St. Helena Hospital,941279779,,"525 Oregon St Vallejo CA 95490, Vallejo, CA, 95490",CA,,941279779_st-helena-hospital_standardcharges-2.csv,https://apps.para-hcfs.com/PTT/FinalLinks/Reports.aspx?dbName=dbAHSHSAINTHELENACA&type=CDMWithoutLabel&fileType=CSV,,c86201254f74b76dec27428e5902f3b4b8991145be05f9ebdcf14acd8e7a40a1,db_only
Seneca Healthcare District,051327,(833) 227-3743,"130 Brentwood Dr Chester CA 96020, Chester, CA, 96020",CA,https://senecahospital.org/,941322200_seneca-district-hospital_standardcharges.csv,https://apps.para-hcfs.com/PTT/FinalLinks/Reports.aspx?dbName=dbSDHCHESTERCA&type=CDMWithoutLabel&fileType=CSV,https://apps.para-hcfs.com/PTT/FinalLinks/Seneca_V4.aspx,ac520418c11c9b2858f032b0ec97a4ff46c2b8769dadd849deeaab8901243c79,mrfs.csv
Adventist Health - Rideout,050133,(530) 749-4300,"726 4th St Marysville CA 95901, Marysville, CA, 95901",CA,https://www.adventisthealth.org/rideout/,941387866_adventist-health---rideout_standardcharges.csv,https://apps.para-hcfs.com/PTT/FinalLinks/Reports.aspx?dbName=dbRMHMARYSVILLECA&type=CDMWithoutLabel&fileType=CSV,https://www.adventisthealth.org/patient-resources/bill-pay/price-transparency,0702a65b200e4d8a40851e4e4b2375dd565162e7a82014b1941e57668ed7836f,mrfs.csv
Sonora Community Hospital,050335,(209) 536-5000,"1000 Greenley Rd Sonora CA 95370, Sonora, CA, 95370",CA,https://www.adventisthealth.org/sonora/,941415069_sonora-community-hospital_standardcharges.csv,https://apps.para-hcfs.com/PTT/FinalLinks/Reports.aspx?dbName=dbAHSSONORACA&type=CDMWithoutLabel&fileType=CSV,https://www.adventisthealth.org/patient-resources/bill-pay/price-transparency,7bc56b1ab0f513abd4a5b4002bdc188fa637b09618db35c15ea511b43d9aa4d6,mrfs.csv
Marshall Medical Center,050254,530-622-1441,"1100 Marshall Way, Placerville, CA 95667, Placerville, CA, 95667",CA,https://www.marshallmedical.org/,941450151_marshall-medical-center_standardcharges.csv,https://www.marshallmedical.org/documents/standard_charges/941450151_marshall-medical-center_standardcharges.csv,,a4b098a26924de148b8cd5ff53770e829545ac79d0b17df04db08aa5b905679d,mrfs.csv
Mee Memorial Hospital,051336,(831) 385-6000,"300 Canal St King City CA 93930, King City, CA, 93930",CA,https://www.meememorial.com/,941502014_mee-memorial-hospital_standardcharges.csv,https://apps.para-hcfs.com/PTT/FinalLinks/Reports.aspx?dbName=dbMeeMemorial&type=CDMWithoutLabel&fileType=CSV,https://apps.para-hcfs.com/PTT/FinalLinks/Mee_V2.aspx,6720ea9767d4d6f634fecf8c991201d729b17843bde727629a55d3bc8bcb12c4,mrfs.csv
Mayers Memorial Hospital District,051305,530-335-6070,"43563 State Highway 299 E Fall River Mills CA 96028, Fall River Mills, CA, 96028",CA,https://www.mayersmemorial.com/,941634940_mayers-memorial-hospital-district_standardcharges.csv,https://apps.para-hcfs.com/PTT/FinalLinks/Reports.aspx?dbName=dbMMHFALLRIVERMILLSCA&type=CDMWithoutLabel&fileType=CSV,https://apps.para-hcfs.com/PTT/FinalLinks/MayersMemorial.aspx,437bcd30ee8b37629e3de6a86cb11a826030f8091b7354b1758baf28fea1e05f,mrfs.csv
Ukiah Adventist Hospital,050301,(707) 462-3111,"275 Hospital Dr Ukiah CA 95482, Ukiah, CA, 95482",CA,https://www.adventisthealth.org/ukiah-valley/,941639901_ukiah-adventist-hospital_standardcharges.csv,https://apps.para-hcfs.com/PTT/FinalLinks/Reports.aspx?dbName=dbUkiahValleyCA&type=CDMWithoutLabel&fileType=CSV,https://www.adventisthealth.org/patient-resources/bill-pay/price-transparency,c065f35d308f10b121196385adabdd58dab45fec9b419871cd8fbca0ec3d1376,mrfs.csv
American Hospital Management Corporation,050028,707-822-3621,"3800 Janes Road, Arcata, CA 95521, Arcata, CA, 95521",CA,https://madriverhospital.com/,941698406_american-hospital-management-corporation_standardcharges.csv,https://sthpiprd.blob.core.windows.net/machine-readable-files/8531/941698406_american-hospital-management-corporation_standardcharges.csv,https://search.hospitalpriceindex.com/hpi2/machineReadable/MadRiverCommunityHospital/8531,4561f43ce4881506f24c1ac2db8e79947d16ab5c2a19566affd3803b6662e084,"mrfs.csv,downloaded"
Oak Valley Hospital,050067,(209) 847-3011,"350 S Oak Ave Oakdale CA 95361, Oakdale, CA, 95361",CA,https://oakvalleyhospital.com/,941729463_oak-valley-hospital-_standardcharges.csv,https://apps.para-hcfs.com/PTT/FinalLinks/Reports.aspx?dbName=dbOVHOAKDALECA&type=CDMWithoutLabel&fileType=CSV,https://apps.para-hcfs.com/PTT/FinalLinks/OakValley_V2.aspx,66e3e65e3a82dea8bd7382c7ea31fed05d5d95e06778c37ffa8f588b35838d57,mrfs.csv
Kern Psychiatric Health Facility,,661-868-8080,"718 Workman St., Bakersfield, CA 93307, Bakersfield, CA, 93307",CA,https://www.kernbhrs.org/,941735271_kern-psychiatric-health-facility_standardcharges.csv,https://www.telecarecorp.com/s/941735271_kern-psychiatric-health-facility_standardcharges.csv,https://www.telecarecorp.com/price-transparency,d6c5c20f7a1c53c7901cf8a5127f8da8f51223b1983a61ac456a7a830f5c9952,mrfs.csv
La Casa Psychiatric Health Facility,,562-630-8672,"6060 Paramount Blvd, Long Beach, CA 90805, Long Beach, CA, 90805",CA,https://www.telecarecorp.com/la-casa-psychiatric-health-facility,941735271_la-casa-psychiatric-health-facility_standardcharges.csv,https://www.telecarecorp.com/s/941735271_la-casa-psychiatric-health-facility_standardcharges.csv,https://www.telecarecorp.com/price-transparency,5d8ae7d042ccbb5dca3f2c63898397b888c713f493a78f44de59286d3c55aff8,mrfs.csv
Stanislaus County Psychiatric Health Facility,,209-300-8800,"1904 Richland Ave, Ceres, CA 95307, Ceres, CA, 95307",CA,https://www.telecarecorp.com/stanislaus-county-psychiatric-health-facility,941735271_stanislaus-county-psychiatric-health-facility_standardcharges.csv,https://www.telecarecorp.com/s/941735271_stanislaus-county-psychiatric-health-facility_standardcharges.csv,https://www.telecarecorp.com/price-transparency,83814668694f0143b841148f3659e42300009ff82c44ddbbf3d836d80b3db3d0,mrfs.csv
Telecare El Dorado County Psychiatric Health Facility,,530-621-6213,"935-B Spring Street, Placerville, CA 95667, Placerville, CA, 95667",CA,https://www.telecarecorp.com/el-dorado-county-psychiatric-health-facility,941735271_telecare-el-dorado-county-psychiatric-health-facility_standardcharges.csv,https://www.telecarecorp.com/s/941735271_telecare-el-dorado-county-psychiatric-health-facility_standardcharges.csv,https://www.telecarecorp.com/price-transparency,7de0fdf7f2114fdfde48e82043695aa86acfa0f597081c08b56c1de3a8c00781,mrfs.csv
Telecare Heritage PHF,054146,510-535-5115,"2633 East 27th Street, Oakland, CA 94601, Oakland, CA, 94601",CA,https://www.telecarecorp.com/heritage-psychiatric-health-center,941735271_telecare-heritage-psychiatric-health-facility_standardcharges.csv,https://www.telecarecorp.com/s/941735271_telecare-heritage-psychiatric-health-facility_standardcharges.csv,https://www.telecarecorp.com/price-transparency,f0c7cb5e08bdb8e6d53b37cd350538f550e7dc79f0ccf65bdd048a914789b3df,mrfs.csv
Telecare Santa Cruz PHF,054152,831-600-2801,"2250 Soquel Ave., Ste. 150, Santa Cruz, CA 95062, Santa Cruz, CA, 95062",CA,https://www.telecarecorp.com/santa-cruz-psychiatric-health-facility,941735271_telecare-santa-cruz-psychiatric-health-facility_standardcharges.csv,https://www.telecarecorp.com/s/941735271_telecare-santa-cruz-psychiatric-health-facility_standardcharges.csv,https://www.telecarecorp.com/price-transparency,5f0e0df4c63d58fb1e03f38004bf7272824f1fa1317743ab1b774c73433ab861,mrfs.csv
Telecare Willow Rock Center PHF,054149,510-895-5502,"2050 Fairmont Drive, San Leandro, CA 94578, San Leandro, CA, 94578",CA,https://www.telecarecorp.com/willow-rock-center,941735271_telecare-willow-rock-center_standardcharges.csv,https://www.telecarecorp.com/s/941735271_telecare-willow-rock-center_standardcharges.csv,https://www.telecarecorp.com/price-transparency,e5f8f2123cbbfa06e13c7dce4876cbf1a81643cad109dba00796c511e86dc32e,mrfs.csv
Patient's Hospital of Redding,050697,530-225-8700,"2900 Eureka Way, Redding, CA, 96001-0220, Redding, CA, 96001",CA,https://www.patientshospital.com/,942677467_patients-hospital-of-redding_standardcharges.csv,https://patientshospital.com/price-transparency/942677467_patients-hospital-of-redding_standardcharges.csv,https://patientshospital.com/index.php/about-us/price-transparency,0caea91e092812a176f9050f3ddc31d2e547c8b6c601bec3afb5729191a10bad,mrfs.csv
Sutter Coast Hospital,050417,(707) 464-8837,"800 E Washington Blvd, Crescent City, CA 95531, Crescent City, CA, 95531",CA,https://www.sutterhealth.org/find-location/facility/sutter-coast-hospital-1043246975,942988520-1457367062_sutter-coast-hospital_standardcharges.csv,https://edge.sitecorecloud.io/sutterhealt962c-sutterhealt8fce-production57cc-4860/media/Project/SutterHealth/SutterHealth/Files/billing-insurance/costs-and-charges/942988520-1457367062_sutter-coast-hospital_standardcharges.csv,https://www.sutterhealth.org/billing-insurance/costs-and-charges/cost-transparency,4ca0711111a65d8395d9175fe60665727f9ecb1d4347bc9c1309836f4e01844f,"mrfs.csv,manifest.json,downloaded"
Alameda Health System,050211,(510) 522-3700,"2070 Clinton Avenue, Alameda, CA 94501, Alameda, CA, 94501",CA,https://www.alamedahealthsystem.org/locations/alamedahospital/,943302014_alameda-hospital_standardcharges.csv,https://www.alamedahealthsystem.org/wp-content/uploads/pricing/943302014_alameda-hospital_standardcharges.csv,https://www.alamedahealthsystem.org/price-transparency/,9822feb07445daa7cd09dc9e3e189ed7361a96508cd4a81f5fc3087553e2df09,mrfs.csv
Alameda Health System,,(510) 895-4200,"15400 Foothill Blvd, San Leandro, CA 94578-1009, San Leandro, CA, 94578",CA,https://www.alamedahealthsystem.org/locations/fairmont-rehabilitation-and-wellness/,943302014_fairmont-hospital_standardcharges.csv,https://www.alamedahealthsystem.org/wp-content/uploads/pricing/943302014_fairmont-hospital_standardcharges.csv,https://www.alamedahealthsystem.org/price-transparency/,e4853fac5e965759e4b03e01349d9f02939a70928ade340abe5fdc4e657dd838,mrfs.csv
Alameda Health System,050320,(510) 437-4800,"1411 East 31st Street, Oakland, CA 94602-1018, Oakland, CA, 94602",CA,https://www.alamedahealthsystem.org/locations/highland-hospital/,943302014_highland-hospital_standardcharges.csv,https://www.alamedahealthsystem.org/wp-content/uploads/pricing/943302014_highland-hospital_standardcharges.csv,https://www.alamedahealthsystem.org/price-transparency/,a6c45758d81151808c3fbbb1a43d73c8f3e5f67f0714b039a33e4d6043613073,mrfs.csv
Alameda Health System,,510-346-1300,"2060 Fairmont Drive, San Leandro, CA 94578-1001, San Leandro, CA, 94578",CA,https://www.alamedahealthsystem.org/locations/john-george-psychiatric-hospital/,943302014_john-george-psychiatric-hospital_standardcharges.csv,https://www.alamedahealthsystem.org/wp-content/uploads/pricing/943302014_john-george-psychiatric-hospital_standardcharges.csv,https://www.alamedahealthsystem.org/price-transparency/,9d8529a4f4833c05c05304d9401f36c96240daa21549a732e810145412a119f8,mrfs.csv
Alameda Health System,050773,510-357-6500,"13855 E 14th Street, San Leandro, CA 94578, San Leandro, CA, 94578",CA,https://www.alamedahealthsystem.org/locations/san-leandro-hospital/,943302014_san-leandro-hospital_standardcharges.csv,https://www.alamedahealthsystem.org/wp-content/uploads/pricing/943302014_san-leandro-hospital_standardcharges.csv,https://www.alamedahealthsystem.org/price-transparency/,83e122e9229865f4515f66310685d74473e85fb2f1b0de097c2bd33dc1db1e50,mrfs.csv
Natividad Medical Center,050248,(831) 755-4111,"1441 Constitution Blvd Salinas CA 93906, Salinas, CA, 93906",CA,https://www.natividad.com/,946000524_natividad-medical-center_standardcharges.csv,https://apps.para-hcfs.com/PTT/FinalLinks/Reports.aspx?dbName=dbNMCSALINASCA&type=CDMWithoutLabel&fileType=CSV,https://apps.para-hcfs.com/PTT/FinalLinks/Natividad_V2.aspx,ba6c292341189e8e5345400c09b9ada484679b5f25b754eff70d445b4bb648f2,mrfs.csv
Sonoma Valley Health Care District,050090,707-935-5000,"347 Andrieux St Sonoma CA 95476, Sonoma, CA, 95476",CA,https://www.sonomavalleyhospital.org/,946001317_sonoma-valley-hospital_standardcharges.csv,https://apps.para-hcfs.com/PTT/FinalLinks/Reports.aspx?dbName=dbSonomaValley&type=CDMWithoutLabel&fileType=CSV,https://apps.para-hcfs.com/PTT/FinalLinks/SonomaValley_V4.aspx,6475704d7379154f4f9594ad9f9c18a0589f66696f3faf263a9219668efa3e16,mrfs.csv
Adventist Health Tulare,050784,(559) 688-0821,"869 N Cherry St Tulare CA 93274, Tulare, CA, 93274",CA,https://www.adventisthealth.org/tulare/,946002897_adventist-health-tulare_standardcharges.csv,https://apps.para-hcfs.com/PTT/FinalLinks/Reports.aspx?dbName=dbAHTTULARECA&type=CDMWithoutLabel&fileType=CSV,https://www.adventisthealth.org/patient-resources/bill-pay/price-transparency,23ff72740587b033f87e30b111c92a1cc82dae3dfdfea3261e8ce13da5947819,mrfs.csv
Tahoe Forest Health System,051328,(530) 587-6011,"10121 Pine Ave Truckee CA 96161, Truckee, CA, 96161",CA,https://www.tfhd.com/,946004062_tahoe-forest-health-system_standardcharges.csv,https://apps.para-hcfs.com/PTT/FinalLinks/Reports.aspx?dbName=dbTFHDTruckeeCA&type=CDMWithoutLabel&fileType=CSV,https://www.tfhd.com/shoppable-services,3f53469e746e105369769d792f7902c3af3d33f9fbd9ce0ae1c16dbaa551527e,mrfs.csv
Washington Township Hospital District,050195,510-797-1111,"2000 Mowry Ave Fremont CA 94538, Fremont, CA, 94538",CA,https://www.washingtonhealth.com/,946030667_washington-hospital_standardcharges.csv,https://apps.para-hcfs.com/PTT/FinalLinks/Reports.aspx?dbName=dbWashingtonHospitalCA&type=CDMWithoutLabel&fileType=CSV,https://apps.para-hcfs.com/PTT/FinalLinks/Washington_Fremont_V3.aspx,fbdbd9d8ce8407b87f1bb40a320d5db020ac21ed7bae1ad5d20d1c194d30ace0,mrfs.csv
Hazel Hawkins Memorial Hospital,051337,(831) 637-5711,"911 Sunset Dr Hollister CA 95023, Hollister, CA, 95023",CA,https://www.hazelhawkins.com/,946034863_hazel-hawkins-memorial-hospital_standardcharges.csv,https://apps.para-hcfs.com/PTT/FinalLinks/Reports.aspx?dbName=dbHHMHHOLLISTERCA&type=CDMWithoutLabel&fileType=CSV,https://apps.para-hcfs.com/PTT/FinalLinks/Hazel_V2.aspx,ab58b2b10c226f3de0fb0ab00fa5f0ab9451ef5348f0e0324b030b06067f013a,mrfs.csv
Plumas District Hospital,051326,530-283-2121,"1065 Bucks Lake Rd Quincy CA 95971, Quincy, CA, 95971",CA,https://www.pdh.org/,946036992_plumas-district-hospital_standardcharges.csv,https://apps.para-hcfs.com/PTT/FinalLinks/Reports.aspx?dbName=dbPDHQUINCYCA&type=CDMWithoutLabel&fileType=CSV,https://apps.para-hcfs.com/PTT/FinalLinks/Plumas_V2.aspx,7dfca89bdabd2b02e68481a8f1d4494d65f6ae107e2dfc1392face93e366a798,mrfs.csv
Sharp Coronado Hospital and Healthcare Center,050234,619-522-3600,"250 Prospect Place, Coronado, CA  92118, Coronado, CA, 92118",CA,https://www.sharp.com/locations/hospitals/sharp-coronado,95-0651579_sharp-coronado-hospital-and-hlthcr-ctr_standardcharges.csv,https://downloads.ctfassets.net/pxcfulgsd9e2/2KzeL4pvhLOzji2tpd02tN/cd1b75dce36fb1ed1dacc742c5889862/95-0651579_sharp-coronado-hospital-and-hlthcr-ctr_standardcharges.csv,https://www.sharp.com/billing/estimate,8884610bd0c1164dddcbadf3d6f4a41862e2f32e04b62be72897721b115692fd,"mrfs.csv,manifest.json,downloaded"
Gateways Hospital and Mental Health Center,054028,(323) 644-2000,"1891 Effie St, Los Angeles, CA 90026, Los Angeles, CA, 90026",CA,https://www.gatewayshospital.org/,95-1691011_gateways-hospital-and-mental-health-center_standardcharges.csv,https://www.gatewayshospital.org/wp-content/uploads/2025/10/95-1691011_gateways-hospital-and-mental-health-center_standardcharges.csv,https://www.gatewayshospital.org/hospital-price-transparency/,0c5c0b4fe92537402461fca00724bb8b16c806fdfedec3ca104164e8336ddb0f,mrfs.csv
Gateways Hospital and Mental Health Center,054028,(323) 644-2000,"1891 Effie St, Los Angeles, CA 90026, Los Angeles, CA, 90026",CA,https://www.gatewayshospital.org/,95-1691011_gateways-hospital-and-mental-health-center_standardcharges.csv,https://www.gatewayshospital.org/wp-content/uploads/2025/10/95-1691011_gateways-hospital-and-mental-health-center_standardcharges.csv,https://www.gatewayshospital.org/hospital-price-transparency/,0c5c0b4fe92537402461fca00724bb8b16c806fdfedec3ca104164e8336ddb0f,mrfs.csv
Sharp Chula Vista Medical Center,050222,619-502-5800,"751 Medical Center Court, Chula Vista, CA  91911, Chula Vista, CA, 91911",CA,https://www.sharp.com/locations/hospitals/sharp-chula-vista,95-2367304_sharp-chula-vista-medical-center_standardcharges.csv,https://downloads.ctfassets.net/pxcfulgsd9e2/D4fRN51N03oyjM0c54C1U/cbd502f0357445b1fc46bdeaac647efc/95-2367304_sharp-chula-vista-medical-center_standardcharges.csv,https://www.sharp.com/billing/estimate,f2e3125178ff76fbfb2e7098658d53d708a5f5c204e7d918c8343981e345bcfb,"mrfs.csv,manifest.json,downloaded"
"Kedren Community Health Center, Inc.",054083,(323) 499-3619,"4211 Avalon Blvd., Los Angeles, CA, Los Angeles, CA, 90011",CA,https://www.kedren.org/,95-2459796_kedren_health_standardcharges-1.csv,https://www.kedren.org/wp-content/uploads/2025/12/95-2459796_kedren_health_standardcharges-1.csv,https://www.kedren.org/hospital-price-transparency/,170681d19d4da2251aeae4d6291c908546c9cde4dbbd1549aaa2fc2536d4781d,mrfs.csv
Sharp Memorial Hospital,,,"7901 Frost Street, San Diego, CA  92123, San Diego, CA, 92123",CA,,95-3782169_sharp-memorial-hospital_standardcharges-2.csv,https://downloads.ctfassets.net/pxcfulgsd9e2/7kOO19WgXRFqOFfWyPsSCE/1dd67ee60fbf2a34d729812c39abb1fe/95-3782169_sharp-memorial-hospital_standardcharges.csv,,338a8fbb287d6fb7f55a1e0e74a94c25a45245b26260ec486618aa2910e23805,db_only
Sharp Mesa Vista Hospital,054145,858-836-8434,"7850 Vista Hill Ave, San Diego, CA  92123, San Diego, CA, 92123",CA,https://www.sharp.com/locations/hospitals/sharp-mesa-vista,95-3782169_sharp-mesa-vista-hospital_standardcharges.csv,https://downloads.ctfassets.net/pxcfulgsd9e2/3FRyeNipAeiKhEC6a8NWOg/54f450d819667f8ed0f9ff9769684a21/95-3782169_sharp-mesa-vista-hospital_standardcharges.csv,https://www.sharp.com/billing/estimate,e72a117d89236b5230fcf1bd91ae1c64e21385812571708d4f6157a0b89a1035,"mrfs.csv,manifest.json,downloaded"
San Antonio Regional Hospital,050099,909-985-2811,"999 San Bernardino Rd Upland CA 91786, Upland, CA, 91786",CA,https://www.sarh.org/,951183919_san-antonio-regional-hospital_standardcharges.csv,https://apps.para-hcfs.com/PTT/FinalLinks/Reports.aspx?dbName=dbSACHUPLANDCA&type=CDMWithoutLabel&fileType=CSV,https://apps.para-hcfs.com/PTT/FinalLinks/SACH_V2.aspx,136f2b7576396e3c982ddbac7cf5883911b576be5e02687be9344dba1a4b09f1,mrfs.csv
Hoag Memorial Hospital Presbyterian,951643327,,"One Hoag Drive, Newport Beach, CA 92663, Newport Beach, CA, 92663",CA,,951643327_hoag-memorial-hospital-presbyterian_standardcharges-2.csv,https://downloads.ctfassets.net/8u2cuf59smsh/52tazi7symInZOZZ2g2eJU/a5edeceac81a9d8369ea9548032e2d42/951643327_hoag-memorial-hospital-presbyterian_standardcharges.csv,,008a95d64d035d8c8b24f5e39c555862d9771e2a07e61aafd8f422932b91236c,db_only
Hoag Hospital Irvine,951643327,,"16200 Sand Canyon Avenue, Irvine, CA 92618, Irvine, CA, 92618",CA,,951643327_hoag-memorial-hospital-presbyterian_standardcharges-2.csv,https://downloads.ctfassets.net/8u2cuf59smsh/52tazi7symInZOZZ2g2eJU/a5edeceac81a9d8369ea9548032e2d42/951643327_hoag-memorial-hospital-presbyterian_standardcharges.csv,,008a95d64d035d8c8b24f5e39c555862d9771e2a07e61aafd8f422932b91236c,db_only
Redlands Community Hospital,050272,909-335-5500,"350 Terracina Blvd Redlands CA 92373, Redlands, CA, 92373",CA,https://www.redlandshospital.org/,951643347_redlands-community-hospital_standardcharges.csv,https://apps.para-hcfs.com/PTT/FinalLinks/Reports.aspx?dbName=dbRedlands&type=CDMWithoutLabel&fileType=CSV,https://apps.para-hcfs.com/PTT/FinalLinks/Redlands_V3.aspx,167a4644e70e141d78c8fd81b5a06aab810054962f78a7827bd2c652c09b900d,mrfs.csv
Casa Colina Hospital,050782,(909) 596-7733,"255 E Bonita Ave Pomona CA 91767, Pomona, CA, 91767",CA,https://www.casacolina.org/,951643989_casa-colina-hospital_standardcharges.csv,https://apps.para-hcfs.com/PTT/FinalLinks/Reports.aspx?dbName=dbCCHPOMONACA&type=CDMWithoutLabel&fileType=CSV,https://apps.para-hcfs.com/PTT/FinalLinks/CasaColina.aspx,84abd4251b4e3ab072236fbf3fb1631e69c1990765953e91c41f4749d4b7b979,mrfs.csv
Scripps Green Hospital,050424,858-554-9100,"10666 N TORREY PINES RD; LA JOLLA, CA, 92037, La Jolla, CA, 92037",CA,https://www.scripps.org/locations/find/hospitals/scripps-green-hospital/focus,951684089_Scripps-Green-Hospital_standardcharges.csv,https://apps.scripps.org/pricetransparency/951684089_Scripps-Green-Hospital_standardcharges.csv,https://www.scripps.org/patients-and-visitors/billing/price-transparency,8e2035da13f8bcddd126833caa51c5c29686b7611358ad60781973fefb501da8,mrfs.csv
Scripps Memorial Hospital Encinitas,050503,760-633-6501,"354 SANTA FE DRIVE; ENCINITAS, CA, 92024, Encinitas, CA, 92024",CA,https://www.scripps.org/locations/hospitals/scripps-memorial-hospital-encinitas,951684089_Scripps-Memorial-Hospital-Encinitas_standardcharges.csv,https://apps.scripps.org/pricetransparency/951684089_Scripps-Memorial-Hospital-Encinitas_standardcharges.csv,https://www.scripps.org/patients-and-visitors/billing/price-transparency,ffe260cacb5d01b9d8693ca8ec0fdaf773b5bed7a3b24a21049bb34225cef345,mrfs.csv
Scripps Memorial Hospital La Jolla,050324,858-626-4123,"9888 Genesee Avenue, La Jolla, CA, 92037-1205, La Jolla, CA, 92037",CA,https://www.scripps.org/locations/hospitals/scripps-memorial-hospital-la-jolla,951684089_Scripps-Memorial-Hospital-La-Jolla_standardcharges.csv,https://apps.scripps.org/pricetransparency/951684089_Scripps-Memorial-Hospital-La-Jolla_standardcharges.csv,https://www.scripps.org/patients-and-visitors/billing/price-transparency,81bb2b9f8ed59d500ecf0118d4bdf6d493ed3078d88e685e02c976170df262ff,mrfs.csv
Scripps Mercy Hospital Chula Vista,050270,858-260-7825,"435 H ST; CHULA VISTA, CA, 91910, Chula Vista, CA, 91910",CA,https://www.scripps.org/locations/hospitals/scripps-mercy-hospital-chula-vista,951684089_Scripps-Mercy-Hospital-Chula-Vista_standardcharges.csv,https://apps.scripps.org/pricetransparency/951684089_Scripps-Mercy-Hospital-Chula-Vista_standardcharges.csv,https://www.scripps.org/patients-and-visitors/billing/price-transparency,c165fa6d4c84b5b4ed93366e4ffd07006b97eb7dc7cbd93851b8dff68aedbc9f,mrfs.csv
Scripps Mercy Hospital San Diego,050077,858-832-2478,"4077 5TH AVE; SAN DIEGO, CA, 92103, San Diego, CA, 92103",CA,https://www.scripps.org/locations/hospitals/scripps-mercy-hospital-san-diego,951684089_Scripps-Mercy-Hospital-San-Diego_standardcharges.csv,https://apps.scripps.org/pricetransparency/951684089_Scripps-Mercy-Hospital-San-Diego_standardcharges.csv,https://www.scripps.org/patients-and-visitors/billing/price-transparency,263603cd5706ec2922d69fbff8ca8951245f61bdee9e7492ada4c7036400c997,"mrfs.csv,manifest.json,downloaded"
Glendale Adventist Medical Center,050239,(818) 409-8000,"1509 Wilson Ter Glendale CA 91206, Glendale, CA, 91206",CA,https://www.adventisthealth.org/glendale/,951816017_glendale-adventist-medical-center_standardcharges.csv,https://apps.para-hcfs.com/PTT/FinalLinks/Reports.aspx?dbName=dbGAMCGLENDALECA&type=CDMWithoutLabel&fileType=CSV,https://www.adventisthealth.org/patient-resources/bill-pay/price-transparency,3e06111be176d7a81b93ddddcbfb80c0e74f122fe018dcf528066cf11cc73990,mrfs.csv
El Centro Regional Med Center,050045,(760) 339-7100,"1415 Ross Ave El Centro CA 92243, El Centro, CA, 92243",CA,https://www.ecrmc.org/,951915820_el-centro-regional-med-center_standardcharges.csv,https://apps.para-hcfs.com/PTT/FinalLinks/Reports.aspx?dbName=dbElCentro&type=CDMWithoutLabel&fileType=CSV,https://apps.para-hcfs.com/PTT/FinalLinks/ElCentro_V3.aspx,7f6254492cfa52330422a95e1684c83acdf6832e7ae9b20c6a5c3a5eca640b1c,mrfs.csv
Valley Presbyterian Hospital,050126,818-782-6600,"15107 Vanowen Street, Van Nuys, CA 91406, Van Nuys, CA, 91406",CA,https://www.valleypres.org/,951945832_valley-presbyterian-hospital_standardcharges.csv,https://sthpiprd.blob.core.windows.net/machine-readable-files/7856/951945832_valley-presbyterian-hospital_standardcharges.csv,https://search.hospitalpriceindex.com/hpi2/machineReadable/valleypresbyterianhospital/7856,d2c7482a77abb0e6f98aed82df1079c7faabcb284ff19260b92451811775808d,mrfs.csv
White Memorial Medical Center,952282647,,"1720 E Cesar E Chavez Ave Los Angeles CA 90033, Los Angeles, CA, 90033",CA,,952282647_white-memorial-medical-center_standardcharges-2.csv,https://apps.para-hcfs.com/PTT/FinalLinks/Reports.aspx?dbName=dbAHWMLOSANGELESCA&type=CDMWithoutLabel&fileType=CSV,,be46587510ccb4dbce7b065b9a3d79f52fc4adb2501850ea4c5a5a0d72139455,db_only
White Memorial Medical Center,952282647,,"309 W Beverly Blvd MONTEBELLO CA 90640, Montebello, CA, 90640",CA,,952282647_white-memorial-medical-center_standardcharges-2.csv,https://apps.para-hcfs.com/PTT/FinalLinks/Reports.aspx?dbName=dbAHWMLOSANGELESCA&type=CDMWithoutLabel&fileType=CSV,,be46587510ccb4dbce7b065b9a3d79f52fc4adb2501850ea4c5a5a0d72139455,db_only
San Joaquin Community Hospital,952294234,,"3001 Sillect Avenue Bakersfield CA 93308, Bakersfield, CA, 93308",CA,,952294234_san-joaquin-community-hospital_standardcharges-2.csv,https://apps.para-hcfs.com/PTT/FinalLinks/Reports.aspx?dbName=dbAHBBAKERSFIELDCA&type=CDMWithoutLabel&fileType=CSV,,aeeb5c62b08d772d9b310d5ca619730e34327659f12cba79f207a61504e3cc64,db_only
San Joaquin Community Hospital,952294234,,"3001 Sillect Avenue Bakersfield CA 93308, Bakersfield, CA, 93308",CA,,952294234_san-joaquin-community-hospital_standardcharges-2.csv,https://apps.para-hcfs.com/PTT/FinalLinks/Reports.aspx?dbName=dbAHBBAKERSFIELDCA&type=CDMWithoutLabel&fileType=CSV,,aeeb5c62b08d772d9b310d5ca619730e34327659f12cba79f207a61504e3cc64,db_only
Adventist Health Mendocino Coast,051325,(707) 961-1234,"700 River Dr Fort Bragg CA 95437, Fort Bragg, CA, 95437",CA,https://www.adventisthealth.org/mendocino-coast/,952627981_adventist-health-mendocino-coast_standardcharges.csv,https://apps.para-hcfs.com/PTT/FinalLinks/Reports.aspx?dbName=dbMCDHFORTBRAGGCA&type=CDMWithoutLabel&fileType=CSV,https://www.adventisthealth.org/patient-resources/bill-pay/price-transparency,2f663533d2aac66787c187ec72060749ea01f70d438b43248e6486ee6a54bf99,mrfs.csv
Twin Cities Community Hospital Inc,050633,(805) 434-3500,"1100 Las Tablas Rd Templeton CA 93465, Templeton, CA, 93465",CA,https://www.adventisthealth.org/central-coast/,953133241 _twin-cities-community-hospital_standardcharges.csv,https://apps.para-hcfs.com/PTT/FinalLinks/Reports.aspx?dbName=dbTCCHTEMPLETONCA&type=CDMWithoutLabel&fileType=CSV,https://www.adventisthealth.org/patient-resources/bill-pay/price-transparency,ef33aab8e972056e5ae69bc7a3b269ccaf8963f35ee30265be3d6f0e718b7428,mrfs.csv
"College Hosptial, Inc.",054055,(562) 924-9581,"10802 College Place, Cerritos, CA 90703, Cerritos, CA, 90703",CA,https://chc.la/ch-cerritos/,953421289_college-hospital-cerritos_standcharges_03_2025.csv,https://chc.la/953421289_college-hospital-cerritos_standcharges_03_2025.csv,https://chc.la/price-transparency/,508c5905b1d830670626263bf498448fb555e4361ea92841215253128ed47a1a,mrfs.csv
Redlands Community Hospital,054093,(909) 558-9275,"1710 Barton Road, Redlands, CA 92373, Redlands, CA, 92373",CA,https://lluh.org/locations/loma-linda-university-behavioral-medicine-center-bmc,953522679_loma-linda-university-behavioral-medicine-center_standardcharges.csv,https://pricetransparency.healthcare/llu-bmc/charges/export,https://pricetransparency.healthcare/llu-bmc/charges/,564a5cbcd8268a5ee49755bbba3c29b74cb6de21b4dc09b3f136e29682dcd0e6,mrfs.csv
Loma Linda University Medical Center,050327,909-558-4000,"11234 Anderson Street, Loma Linda, CA 92354, Loma Linda, CA, 92354",CA,https://lluh.org/locations/loma-linda-university-medical-center,953522679_loma-linda-university-medical-center_standardcharges.csv,https://pricetransparency.healthcare/llu-mc/charges/export,https://pricetransparency.healthcare/llu-mc/charges/,ef8ca3ea863a2f5d240374bde4d22ee79be712bd091a5b153f7db1a8f6b0d559,mrfs.csv
USC Kenneth Norris Jr Cancer Hospital,050660,(323) 865-3000,"1441 Eastlake Ave, Los Angeles, CA 90089, Los Angeles, CA, 90089",CA,https://uscnorriscancer.usc.edu/,953708697_usc-kenneth-norris-jr-cancer-hospital_standardcharges.csv,https://hospitalpricedisclosure.com/download.aspx?pi=ksKjyMbyRELl8UdC2a3rOg*-*,https://hospitalpricedisclosure.com/default.aspx?ci=9pu5*_*S9I3IlIh8XJQHHcBw*-*,45b25c4660cf00fd1ab1a1e98f16e574f64f5b16bcb753eb2ea2b9dd30e9edbf,"mrfs.csv,manifest.json"
"NOR Culver City, LLC",555874,(310) 836-7000,"3828 Delmar Terrace, Culver City, CA 90231, Culver City, CA, 90231",CA,https://www.sch-culvercity.com/,"954690845_nor-culver-city,-llc_standardcharges.csv",https://sthpiprd.blob.core.windows.net/machine-readable-files/7922/954690845_nor-culver-city%2C-llc_standardcharges.csv,https://search.hospitalpriceindex.com/hpi2/machineReadable/SouthernCaliforniaHospitalatCulverCity/7922,fad8025f3aaeb0fec471317f8bbac0f1d1350aa7370db488fde16bb98aea00bf,"mrfs.csv,downloaded"
"NOR Culver City, LLC",050135,(323) 462-2271,"6245 De Longpre Avenue, Hollywood, CA 90028, Hollywood, CA, 90028",CA,https://www.sch-hollywood.com/,954690845_prospect-medical-holdings-hollywood_standardcharges.csv,https://sthpiprd.blob.core.windows.net/machine-readable-files/7923/954690845_prospect-medical-holdings-hollywood_standardcharges.csv,https://search.hospitalpriceindex.com/hpi2/machineReadable/SouthernCaliforniaHospitalatHollywood/7923,2c823ba1c7125e2e6cc795248c9e43fd7898cad3e35b490241a451e8e6ed20ea,mrfs.csv
"NOR LA, LLC",,(562) 273-1800,"9542 Artesia Blvd, Bellflower, CA 90706, Bellflower, CA, 90706",CA,https://www.lach-bellflower.com/,"954691839_nor-la,-llc_standardcharges (1).csv",https://sthpiprd.blob.core.windows.net/machine-readable-files/7920/954691839_nor-la%2C-llc_standardcharges.csv,https://search.hospitalpriceindex.com/hpi2/machineReadable/LosAngelesCommunityHospitalatBellflower/7920,4a2f007b2b4914d6c15cc7be840a06497f392ee1fee887322314b5f3b0fd4dc6,"mrfs.csv,downloaded"
"NOR LA, LLC",954691839,,"13222 Bloomfield Ave, Norwalk, CA, 90650, Norwalk, CA, 90650",CA,,"954691839_nor-la,-llc_standardcharges-2.csv",https://sthpiprd.blob.core.windows.net/machine-readable-files/7921/954691839_nor-la%2C-llc_standardcharges.csv,,2a0b2fc826a3334501034fc9a742cb82bb3375c46c9d25fdb5522ac01a7fc7ca,db_only
"NOR LA, LLC",,(562) 863-4763,"4081 East Olympic Boulevard, Los Angeles, CA  90023, Los Angeles, CA, 90023",CA,https://www.lach-norwalk.com/,"954691839_nor-la,-llc_standardcharges.csv",https://sthpiprd.blob.core.windows.net/machine-readable-files/7921/954691839_nor-la%2C-llc_standardcharges.csv,https://search.hospitalpriceindex.com/hpi2/hospital/LosAngelesCommunityHospitalatNorwalk/7921or,2a0b2fc826a3334501034fc9a742cb82bb3375c46c9d25fdb5522ac01a7fc7ca,"mrfs.csv,downloaded"
Riverside University Medical Center,050292,(951) 486-4000,"26520 CACTUS AVENUE MORENO VALLEY CA 92555-3911, Moreno Valley, CA, 92555",CA,https://www.ruhealth.org/,956000930_riverside-university-health-system_standardcharges.csv,https://www.ruhealth.org/956000930_riverside-university-health-system_standardcharges.csv,https://www.ruhealth.org/resources/hospital-price-transparency,e956fc44b75203cf0c65a6c3b0aec97bf310a8632f05513445d07831ac844efe,mrfs.csv
San Bernardino County,050245,(909) 580-1000,"400 N Pepper Ave, Colton, CA 92324, Colton, CA, 92324",CA,https://www.arrowheadregional.org/,956002748_san-bernardino-county_standardcharges.csv,https://sthpiprd.blob.core.windows.net/machine-readable-files/8225/956002748_san-bernardino-county_standardcharges.csv,https://search.hospitalpriceindex.com/hpi2/machineReadable/ArrowheadRegionalMedicalCenter/8225,ae45bb3435e146784980ba8f501fdfd2f32d171f3cd2c79db662c343d42f0f73,"mrfs.csv,downloaded"
San Bernardino County,050245,(909) 580-1000,"16888 Baseline Avenue, Fontana, CA 92336, Fontana, CA, 92336",CA,https://www.arrowheadregional.org/,956002748_san-bernardino-county_standardcharges.csv,https://sthpiprd.blob.core.windows.net/machine-readable-files/8225/956002748_san-bernardino-county_standardcharges.csv,https://search.hospitalpriceindex.com/hpi2/machineReadable/ArrowheadRegionalMedicalCenter/8225,ae45bb3435e146784980ba8f501fdfd2f32d171f3cd2c79db662c343d42f0f73,"mrfs.csv,downloaded"
San Bernardino County,050245,(909) 580-1000,"1499 E. Highland Ave, San Bernardino, CA 92404, San Bernardino, CA, 92404",CA,https://www.arrowheadregional.org/,956002748_san-bernardino-county_standardcharges.csv,https://sthpiprd.blob.core.windows.net/machine-readable-files/8225/956002748_san-bernardino-county_standardcharges.csv,https://search.hospitalpriceindex.com/hpi2/machineReadable/ArrowheadRegionalMedicalCenter/8225,ae45bb3435e146784980ba8f501fdfd2f32d171f3cd2c79db662c343d42f0f73,"mrfs.csv,downloaded"
San Bernardino County,050245,(909) 580-1000,"850 East Foothill Blvd, Rialto, CA 92376, Rialto, CA, 92376",CA,https://www.arrowheadregional.org/,956002748_san-bernardino-county_standardcharges.csv,https://sthpiprd.blob.core.windows.net/machine-readable-files/8225/956002748_san-bernardino-county_standardcharges.csv,https://search.hospitalpriceindex.com/hpi2/machineReadable/ArrowheadRegionalMedicalCenter/8225,ae45bb3435e146784980ba8f501fdfd2f32d171f3cd2c79db662c343d42f0f73,"mrfs.csv,downloaded"
San Bernardino County,050245,(909) 580-1000,"800 East Lugonia Avenue Suite F, Redlands, CA 92374, Redlands, CA, 92374",CA,https://www.arrowheadregional.org/,956002748_san-bernardino-county_standardcharges.csv,https://sthpiprd.blob.core.windows.net/machine-readable-files/8225/956002748_san-bernardino-county_standardcharges.csv,https://search.hospitalpriceindex.com/hpi2/machineReadable/ArrowheadRegionalMedicalCenter/8225,ae45bb3435e146784980ba8f501fdfd2f32d171f3cd2c79db662c343d42f0f73,"mrfs.csv,downloaded"
Emanate Health Queen of the Valley Hospital,956006469,,"1115 S. Sunset Ave., West Covina, CA 91790, West Covina, CA, 91790",CA,,956006469_emanate-health-queen-of-the-valley-hospital_standardcharges-2.csv,https://www.emanatehealth.org/clientfiles/getfile/956006469_emanate-health-queen-of-the-valley-hospital_standardcharges.csv,,745ca29cd0ab944d0c511c094940e0bffd356c21b11439952c28a66514985e48,db_only
Adventist Health - Simi Valley,050236,(805) 955-6000,"2975 Sycamore Dr Simi Valley CA 93065, Simi Valley, CA, 93065",CA,https://www.adventisthealth.org/simi-valley/,956064971_adventist-health---simi-valley_standardcharges.csv,https://apps.para-hcfs.com/PTT/FinalLinks/Reports.aspx?dbName=dbAHSVSIMIVALLEYCA&type=CDMWithoutLabel&fileType=CSV,https://www.adventisthealth.org/patient-resources/bill-pay/price-transparency,3f5691843fe64f7b4b5234179c2ee1c1bcd9825697f376ec5e86f146f31e2fc5,mrfs.csv
Eisenhower Medical Center,050573,760-834-7970,"39000 Bob Hope Dr, Rancho Mirage, CA 92270, Rancho Mirage, CA, 92270",CA,https://eisenhowerhealth.org/locations/?&action=detail&dataRef=15,956130458_eisenhower-medical-center_standardcharges.csv,https://eisenhowerhealth.org/sites/emcorg/assets/downloads/956130458_eisenhower-medical-center_standardcharges.csv,https://eisenhowerhealth.org/resources/billing,42a21f91ef3d9aa8c31fbe3da5153927736a0696af9e97865d7c5a6681534481,mrfs.csv
Kern Valley Healthcare District,051314,(760)379-2681,"6412 Laurel Ave Mountain Mesa CA 93240, Mountain Mesa, CA, 93240",CA,https://www.kvhd.org/kern-valley-hospital/,956142366_kern-valley-healthcare-district_standardcharges.csv,https://apps.para-hcfs.com/PTT/FinalLinks/Reports.aspx?dbName=dbKVHDLAKEISABELLACA&type=CDMWithoutLabel&fileType=CSV,https://apps.para-hcfs.com/PTT/FinalLinks/Kern_Valley.aspx,bea776ba2a83e05745742938c446c46d66a9586660f42823e37ee0b92b16a738,mrfs.csv
Pioneers Memorial Hospital,050342,(760) 351-7643,"207 W. Legion Rd, Brawley, CA 92227, Brawley, CA, 92227",CA,https://pmhd.org/,994231206_Pioneers-Memorial-Hospital-standardcharges.csv,https://pmhd.org/wp-content/uploads/2026/04/994231206_Pioneers-Memorial-Hospital-standardcharges.csv,https://pmhd.org/price-transparency/,957cb0fe38d85a1c3f0f4f1cc043a8e7a19819ec5e4c6fd23a3d169eec93b3c7,mrfs.csv
Alvarado Parkway Institute BHS,054075,(619) 431-4877,"7050 Parkway Drive, La Mesa, CA 91942, La Mesa, CA, 91942",CA,https://apibhs.com/,Alvarado-Parkway-Institute_standardcharges.csv,https://apibhs.com/website-compliance/Alvarado-Parkway-Institute_standardcharges.csv,https://apibhs.com/client-forms,b59f4976e26728c4edd3484b84cceac35211e7790e8e5fa0b27c182aa669e751,mrfs.csv
Salinas Valley Memorial Hospital,050334,(831) 757-3627,"450 E ROMIE LANE SALINAS CA 93901, Salinas, CA, 93901",CA,https://www.salinasvalleyhealth.com/,CombinedIPOPWithoutCalcs-V2.csv,https://www.salinasvalleyhealth.com/documents/CombinedIPOPWithoutCalcs-V2.csv,https://www.salinasvalleyhealth.com/standard-charges,d5a6e5a731d3be6d98edf6397db38bd69488d022835dca9de813fccb568e3591,mrfs.csv
Fresno Community Hospital and Medical Center,941156276,,"2823 Fresno St, Fresno, CA 93721, Fresno, CA, 93721",CA,,941156276-1104906569_fresno-community-hospital-and-medical-center_standardcharges-2.csv,file://941156276-1104906569_fresno-community-hospital-and-medical-center_standardcharges-2.csv,,5a2143f8fb4d7032fedd6cde7b04606de341dffc5023fde03201a0282ff5c4e8,db_only
Fresno Community Hospital and Medical Center,050492,(559) 324-4000,"2755 Herndon Ave., Clovis, CA 93611, Clovis, CA, 93611",CA,https://www.communitymedical.org/locations/clovis-community-medical-center,941156276-1316027709_fresno-community-hospital-and-medical-center_standardcharges.csv,https://sthpiprd.blob.core.windows.net/machine-readable-files/8229/941156276-1316027709_fresno-community-hospital-and-medical-center_standardcharges.csv,https://search.hospitalpriceindex.com/hpi2/machineReadable/ClovisCommunityMedicalCenter/8229or,08ba971d0b113a1d68e48c2f973f2a2ff02b09710f5949d3715111f6b65dca94,mrfs.csv
Community Hospital of the Monterey Peninsula,050145,(831) 624-5311,"23625 Holman Highway, Monterey, CA 93940, Monterey, CA, 93940",CA,https://www.montagehealth.org/locations/profile/community-hospital-monterey-peninsula/,940760193_Community-Hospital-of-the-Monterey-Peninsula_standardcharges.csv,https://www.montagehealth.org/app/files/public/035422d6-6b4c-4d9b-9a7f-9da8873ba197/940760193_Community-Hospital-of-the-Monterey-Peninsula_standardcharges.csv,https://www.montagehealth.org/patient-family-resources/financial/cost-care-estimates/,d596d028e3b4c06aacb9f8f7c09b4ab2afa9e486d4ac542b5f4ce60d3f51d080,mrfs.csv
Community Hospital of the Monterey Peninsula - Psych,050145,(831) 624-5311,"23625 Holman HWY, Monterey, CA 93940, Monterey, CA, 93940",CA,https://www.montagehealth.org/locations/profile/community-hospital-monterey-peninsula/,940760193_Community-Hospital-of-the-Monterey-Peninsula_standardcharges.csv,https://www.montagehealth.org/app/files/public/035422d6-6b4c-4d9b-9a7f-9da8873ba197/940760193_Community-Hospital-of-the-Monterey-Peninsula_standardcharges.csv,https://www.montagehealth.org/patient-family-resources/financial/cost-care-estimates/,d596d028e3b4c06aacb9f8f7c09b4ab2afa9e486d4ac542b5f4ce60d3f51d080,mrfs.csv
Community Hospital of the Monterey Peninsula - Rehab,050145,(831) 624-5311,"23625 Holman HWY, Monterey, CA 93940, Monterey, CA, 93940",CA,https://www.montagehealth.org/locations/profile/community-hospital-monterey-peninsula/,940760193_Community-Hospital-of-the-Monterey-Peninsula_standardcharges.csv,https://www.montagehealth.org/app/files/public/035422d6-6b4c-4d9b-9a7f-9da8873ba197/940760193_Community-Hospital-of-the-Monterey-Peninsula_standardcharges.csv,https://www.montagehealth.org/patient-family-resources/financial/cost-care-estimates/,d596d028e3b4c06aacb9f8f7c09b4ab2afa9e486d4ac542b5f4ce60d3f51d080,mrfs.csv
Westland House,050145,(831) 624-5311,"100 Barnett Segal Lane, Monterey, CA 93940, Monterey, CA, 93940",CA,https://www.montagehealth.org/locations/profile/community-hospital-monterey-peninsula/,940760193_Community-Hospital-of-the-Monterey-Peninsula_standardcharges.csv,https://www.montagehealth.org/app/files/public/035422d6-6b4c-4d9b-9a7f-9da8873ba197/940760193_Community-Hospital-of-the-Monterey-Peninsula_standardcharges.csv,https://www.montagehealth.org/patient-family-resources/financial/cost-care-estimates/,d596d028e3b4c06aacb9f8f7c09b4ab2afa9e486d4ac542b5f4ce60d3f51d080,mrfs.csv
Enloe Medical Center,050039,(530) 332-7300,"1531 Esplanade Chico CA 95926, Chico, CA, 95926",CA,https://www.enloe.org/,941603784_Enloe Medical Center_StandardCharges.csv,https://www.enloe.org/app/files/public/1eced6f9-2505-4f81-b1cf-2432f2e5af1e/941603784_Enloe%20Medical%20Center_StandardCharges.csv,https://www.enloe.org/for-patients-visitors/billing-insurance/price-transparency/,2fb25fedb4b0f3a1066a2cb6b76e4f1b83e53ed1c2df772eb1ac53ee92907e9e,mrfs.csv
Enloe Medical Center,050039,(530) 332-7300,"340 W East Ave Chico CA 95926, Chico, CA, 95926",CA,https://www.enloe.org/,941603784_Enloe Medical Center_StandardCharges.csv,https://www.enloe.org/app/files/public/1eced6f9-2505-4f81-b1cf-2432f2e5af1e/941603784_Enloe%20Medical%20Center_StandardCharges.csv,https://www.enloe.org/for-patients-visitors/billing-insurance/price-transparency/,2fb25fedb4b0f3a1066a2cb6b76e4f1b83e53ed1c2df772eb1ac53ee92907e9e,mrfs.csv
Contra Costa County,050276,(925) 370-5000,"2500 Alhambra Ave, Matrinez, CA 94553, Matrinez, CA, 94553",CA,https://www.cchealth.org/get-care/healthcare-locations/contra-costa-regional-medical-center,946000509_contra-costa-regional-medical-center_standardcharges.csv,https://www.cchealth.org/home/showpublisheddocument/29234/639130559546500000,https://www.cchealth.org/get-care/medical-center-services,ce9a31c066f878018162e6ea60b367019fef914c72ff1bcf4d1c19de8029a963,mrfs.csv
Torrance Memorial Medical Center,050351,310-325-9110,"3330 Lomita Blvd, Torrance, CA 90505, Torrance, CA, 90505",CA,https://www.torrancememorial.org/,951644042_TORRANCE-MEMORIAL-MEDICAL-CENTER_standardcharges.csv,https://www.torrancememorial.org/app/files/public/72290ad6-2a3d-4b7e-acf0-1daa4ba8ba5e/951644042_TORRANCE-MEMORIAL-MEDICAL-CENTER_standardcharges.csv,https://www.torrancememorial.org/patients-visitors/billing-insurance/price-transparency/,11fd92f6dbc7b2ddb8656dfa83c0c6ae9fdf8934e4a0d1ef64fd5faaf7b0c291,mrfs.csv
Mammoth Hospital,051303,760-934-3311,"85 Sierra Park Road Po Box 660, Mammoth Lakes, CA 93546, Mammoth Lakes, CA, 93546",CA,https://mammothhospital.org/,953154530_southern-mono-healthcare-district-dba-mammoth-hospital_standardcharges.csv,https://www.mammothhospital.com/app/files/public/b0254252-19a7-438e-b433-e7cccf8a97c9/953154530_southern-mono-healthcare-district-dba-mammoth-hospital_standardcharges.csv,https://www.mammothhospital.com/patient-information/help-paying-your-bill/#pricing,4f2d553ba585d760c89fd5be279feb2befae9543a815a2fa3843a2e8ba3e8f72,mrfs.csv
Emanate Health Inter-Community Hospital,050382,,"210 W  San Bernardino Road, Covina, CA 91723, Covina, CA, 91723",CA,,956006469_emanate-health-inter-community-hospital_standardcharges.csv,https://www.emanatehealth.org/media/p/19400/956006469_emanate-health-inter-community-hospital_standardcharges.csv,,74d19945518dd43d2c761c89822ebf09138374f353c470c12074c07e7426cfd6,cffi:cms-hpt.txt
PIH Health Whittier Hospital,050169,562-698-0811,"12401 Washington Blvd Whittier CA 90602, Whittier, CA, 90602",CA,https://www.pihhealth.org/find-a-location/locations-profile/pih-health-whittier-hospital/,951934652_pih-health-whittier-hospital_standardcharges.csv,https://www.pihhealth.org/app/files/public/b40ab9f0-ce34-431c-b6d6-774526e25a2b/951934652_pih-health-whittier-hospital_standardcharges.csv,https://www.pihhealth.org/patients-visitors/billing-financial-assistance/cms-hospital-pricing/,382fec57870219d71dc1905fcd622f3a6eec0fbb45751ea9fc18f009899bdb5a,mrfs.csv
HARBOR-UCLA MEDICAL CENTER,050376,424-306-4000,"""1000 W CARSON ST, TORRANCE, CALIFORNIA, 90502"", Torrance, CA, 90502",CA,https://dhs.lacounty.gov/harbor-ucla-medical-center/,1157353_956000927_Harbor-UCLAMedicalCenter_standardcharges.csv,https://file.lacounty.gov/SDSInter/dhs/1157353_956000927_Harbor-UCLAMedicalCenter_standardcharges.csv,https://dhs.lacounty.gov/patient-information/get-coverage/hospital-price-transparency/,e9f909ae391e6226d21371412ce52d0a8573625f65c7e16f2c221ac80866dad8,mrfs.csv
OLIVE VIEW-UCLA MEDICAL CENTER,050040,747-210-3000,"""14445 OLIVE VIEW DRIVE, SYLMAR, CA 91342"", Sylmar, CA, 91342",CA,https://dhs.lacounty.gov/oliveview/,1157355_956000927_OliveView-UCLAMedicalCenter_standardcharges.csv,https://file.lacounty.gov/SDSInter/dhs/1157355_956000927_OliveView-UCLAMedicalCenter_standardcharges.csv,https://dhs.lacounty.gov/patient-information/get-coverage/hospital-price-transparency/,94428b171f77cedf023dea5c32adc0740ae53aefb774c1d47a45520ee2d9fd59,mrfs.csv
LOS ANGELES GENERAL MEDICAL CENTER,050373,844-804-0055,"""1200 N. STATE STREET, LOS ANGELES, CALIFORNIA 90033-1029"", Los Angeles, CA, 90033",CA,https://dhs.lacounty.gov/lageneral/,1157354_956000927_LosAngelesGeneralMedicalCenter_standardcharges.csv,https://file.lacounty.gov/SDSInter/dhs/1157354_956000927_LosAngelesGeneralMedicalCenter_standardcharges.csv,https://dhs.lacounty.gov/patient-information/get-coverage/hospital-price-transparency/,658f927d531d3707b820399bd0bb3c77eccb7de78e9daec0233e4c0bea5f2b6c,mrfs.csv
RANCHO LOS AMIGOS NATIONAL REHABILITATION CENTER,050717,(877) 726-2461,"""7601 EAST IMPERIAL HIGHWAY, DOWNEY, CA 90242"", Downey, CA, 90242",CA,https://dhs.lacounty.gov/rancho/,1157356_956000927_RanchoLosAmigosNationalRehab.CenterCenter_standardcharges.csv,https://file.lacounty.gov/SDSInter/dhs/1157356_956000927_RanchoLosAmigosNationalRehab.CenterCenter_standardcharges.csv,https://dhs.lacounty.gov/patient-information/get-coverage/hospital-price-transparency/,2a04fb3c79a3e330ba1301e1e88c22e4eff069643a7ccd91b20db4c645ed0c77,mrfs.csv
MOUNTAIN COMMUNTIES HEALTHCARE DISTRICT,051315,530-623-5541,"60 EASTER AVENUE, PO BOX 1229, WEAVERVILLE, CA, 96093-1229, Weaverville, CA, 96093",CA,https://www.mcmedical.org/,208236808_trinity-hospital_standardcharges.csv,blob:https://www.mcmedical.org/8e183a82-50fe-4d51-a8fe-d09057469d1a,https://www.mcmedical.org/price-transparency,6d1873f43092d6a035416c09de854c59422a89882d10946cffe4dafa18ea2b9e,mrfs.csv
Southwest Healthcare,050701,951-696-6000,"27708 Jefferson Ave. Suite 200, Temecula, CA 92590, Temecula, CA, 92590",CA,https://www.swhranchosprings.com/,233059262_southwest-healthcare-system_standardcharges.csv,https://uhsfilecdn.eskycity.net/ac/233059262_southwest-healthcare-system_standardcharges.csv,https://www.southwesthealthcare.com/patients-visitors/pricing-guide,2d290ff78f08320b6e7bdbfcc3e3f7066ff7fca8590ae909d17ad9285d36eebc,mrfs.csv
Southwest Healthcare,050701,951-696-6000,"25500 Medical Center Dr Murrieta,CA 92562-5965, CA 92590|25500 Medical Center Dr Murrieta, CA, 92562",CA,https://www.swhranchosprings.com/,233059262_southwest-healthcare-system_standardcharges.csv,https://uhsfilecdn.eskycity.net/ac/233059262_southwest-healthcare-system_standardcharges.csv,https://www.southwesthealthcare.com/patients-visitors/pricing-guide,2d290ff78f08320b6e7bdbfcc3e3f7066ff7fca8590ae909d17ad9285d36eebc,mrfs.csv
"Vibra Hospital of San Diego, LLC",052044,(619) 260-8300,"555 Washington Street, San Diego, CA 92103, San Diego, CA, 92103",CA,https://www.selectspecialtyhospitals.com/locations-and-tours/ca/san-diego/san-diego/,26-1466122_Select_Specialty_Hospital-San_Diego_standardcharges.csv,https://resources.selectmedical.com/Pricing-Transparency/critical-illness-recovery/26-1466122_Select_Specialty_Hospital-San_Diego_standardcharges.csv,https://www.selectspecialtyhospitals.com/patients-and-caregivers/admissions/price-transparency,c4e85a20e62f6a3fe33d073b5e5c360f5166deeb29e8fa6b7766a6ffe1354adc,mrfs.csv
Bear Valley Healthcare District,051335,(909) 866-6501,"41870 Garstin Drive, PO Box 1649, Big Bear Lake, CA, 92315-1649, Big Bear Lake, CA, 92315",CA,https://bvchd.com/,330294751_BEAR-VALLEY-COMMUNITY-HOSPITAL_standardcharges.csv,https://bvchd.com/wp-content/uploads/2024/09/330294751_BEAR-VALLEY-COMMUNITY-HOSPITAL_standardcharges.csv,https://bvchd.com/for-patients/price-transparency/,02ea7090429a2fa0aefef1add8fe7a4977930522697a41518c56cf9a84bb3a95,mrfs.csv
San Gorgonio Memorial Hospital,050054,(951) 845-1121,"600 N Highland Springs Ave,Banning,CA,92220, Banning, CA, 92220",CA,https://www.sgmh.org/,330420041_San-Gorgonio-Memorial-Hospital_standardcharges.csv,https://apim.services.craneware.com/api-pricing-transparency/api/public/8488f242c158e777c19a25c23da04087/charges/mrf,https://www.cdmpricing.com/8488f242c158e777c19a25c23da04087/,15904276179e744e44cdbabef75cc4d436b47317e4ec8724e84b6714ba24906c,mrfs.csv
Childrens Hospital at Mission - Cerner,053306,949-347-8400,"27700 Medical Center Rd, Mission Viejo, CA, 92691",CA,https://choc.org/choc-at-mission/,330528802_Childrens-Hospital-at-Mission_standardcharges.csv,https://choc.org/files/charges/330528802_Childrens-Hospital-at-Mission_standardcharges.csv,https://choc.org/patients/billing/price-transparency/,435b1eee622039e17cddb4def255bf2bc67f4e0e8b156dc1747fa4a24af4405f,"mrfs.csv,downloaded"
"Aurora Vista Del Mar, LLC",054077,(805) 653-6434,"801 Seneca Street, Ventura, CA 93001-1411, Ventura, CA, 93001",CA,https://www.vistadelmarhospital.com/,330986642_Aurora-Vista-Del-Mar_standardcharges.csv,https://www.vistadelmarhospital.com/330986642_Aurora-Vista-Del-Mar_standardcharges.csv,https://www.vistadelmarhospital.com/standard-services,19694d7b21c49cdcc90dde98fa5b24e87adad48e640c1d7bafe59360e762f6f1,mrfs.csv
Corona Regional Medical Center,555390,(951) 736-7200,"800 South Main Street, Corona, CA 92882, Corona, CA, 92882",CA,https://swhcoronaregional.com/services/skilled-nursing-services-and-subacute-care/,432035443_corona-regional-medical-center_standardcharges.csv,https://uhsfilecdn.eskycity.net/ac/432035443_corona-regional-medical-center_standardcharges.csv,https://www.swhcoronaregional.com/patients-visitors/pricing-guide,394d643188b874c91d85143af4f57e430158605d043b49d56230c068a3d87f26,mrfs.csv
Temecula Valley Hospital,050775,951-331-2200,"31700 Temecula Parkway, Temecula, CA 92592, Temecula, CA, 92592",CA,https://www.swhtemeculavalley.com/,461246570_temecula-valley-hospital_standardcharges.csv,https://uhsfilecdn.eskycity.net/ac/461246570_temecula-valley-hospital_standardcharges.csv,https://www.swhtemeculavalley.com/patients-visitors/pricing-guide,0258479d523fe593d7d80d0d3cf6903ed0cd6a6f3304ed276163d0877640c50b,mrfs.csv
BAKERSFIELD BEHAVIORAL HEALTHCARE HOSPITAL LLC,054155,(661) 398-1800,"5201 White Lane, Bakersfield, CA 93309-6200, Bakersfield, CA, 93309",CA,https://www.bakersfieldbehavioral.com/,474433670_bakersfield-behavioral-healthcare-hospital_standardcharges.csv,https://www.bakersfieldbehavioral.com/sites/default/files/bakersfield/474433670_bakersfield-behavioral-healthcare-hospital_standardcharges.csv,https://www.bakersfieldbehavioral.com/standard-services,ae6b9f4b685cb99bde3f86e206cb58eee7a79a03c8b5a7c9b66a58ca9b85d716,mrfs.csv
Chapman Global Medical Center,050745,(714) 633-0011,"2601 E. Chapman Avenue, Orange, CA, 92869",CA,https://www.chapmanglobalmedicalcenter.com/,550883864_chapman-global-medical-center_standardcharges.csv,http://www.chapmanglobalmedicalcenter.com/wp-content/uploads/2025/02/550883864_chapman-global-medical-center_standardcharges.csv,https://www.chapmanglobalmedicalcenter.com/pricing-transparency/,5500170e1a240bd8665d5f461149085cfb4704be2b7db5f9e6c3ae52802fdc0a,mrfs.csv
"California Rehabilitation Institute, LLC",053039,(424) 522-7100,"2070 Century Park East, Los Angeles, CA 90067, Los Angeles, CA, 90067",CA,https://www.californiarehabinstitute.com/,61-1725865_California_Rehab_Institute_standardcharges.csv,https://resources.selectmedical.com/Pricing-Transparency/inpatient-rehabilitation/61-1725865_California_Rehab_Institute_standardcharges.csv,https://www.californiarehabinstitute.com/patients-and-caregivers/admissions/price-transparency,8b1a78b7ca777e52f140695ed9a52ef4d8bdb31f34b91d6a727d3916f3668971,mrfs.csv
"Aliso Ridge Behavioral Health, LLC",54158,(248) 839-5380,"200 FREEDOM LANE, ALISO VIEJO, CA 926565876, Aliso Viejo, CA, 92656",CA,https://www.ocspecialtyhealth.com/aliso-ridge-behavioral-health/,811504286_Aliso_Ridge_Behavioral_Health_standardcharges.csv,https://www.ocspecialtyhealth.com/wp-content/uploads/2026/04/811504286_Aliso_Ridge_Behavioral_Health_standardcharges.csv,https://www.ocspecialtyhealth.com/price-transparency,e1c7394b8d5386d60fde519bd1e5ba27ec882ab37580e80742220b439cc75218,mrfs.csv
LA Downtown Medical Center,,(626) 288-1160,"1711 W TEMPLE STREET SUITE 8135, Los Angeles, CA, 90026",CA,https://ladowntownmc.com/,841913047_LA-DOWNTOWN-MEDICAL-CENTER_standardcharges.csv,https://ladowntownmc.com/downloads/841913047_LA-DOWNTOWN-MEDICAL-CENTER_standardcharges.csv,https://ladowntownmc.com,de55d28194851e3410a735b94ffcaf2c1cbc013c46df6048d61716204fad7cd4,mrfs.csv
Good Samaritan Hospital,050257,661-215-7500,"901 Olive Dr,Bakersfield,CA,93308, Bakersfield, CA, 93308",CA,https://www.goodsamhospital.com/,844768444_Good-Samaritan-Hospital-_standardcharges-(1).csv,https://apim.services.craneware.com/api-pricing-transparency/api/public/16df7438d261bee057acf7b94fcb0bbb/charges/mrf,www.goodsamhospital.com/price-transparency,67fe658e455acbece8936c020a9684be2ba0d47b287ce306baea9f8a1db6e0de,mrfs.csv
"Anaheim Community Hospital, LLC",050854,(714) 243-9000,"3350 W. Ball Road, Anaheim, CA, 92804, Anaheim, CA, 92804",CA,https://www.anaheimcommunityhospital.com/,854314119_anaheim-community-hospital_standardcharges.csv,https://www.anaheimcommunityhospital.com/wp-content/uploads/2026/04/854314119_anaheim-community-hospital_standardcharges.csv,https://www.anaheimcommunityhospital.com/price-transparency,f7ea58177ba9a7a6dc56f1b570383b4c9f42fba94ede0b1affe0888e245eb6bd,mrfs.csv
SOUTH SAN FRANCISCO MEDICAL CENTER,050070,650-742-2000,"""1200 EL CAMINO REAL, SOUTH SAN FRANCISCO, CA 94080"", South San Francisco, CA, 94080",CA,https://healthy.kaiserpermanente.org/northern-california/facilities/south-san-francisco-medical-center-100319,941105628-south-san-francisco-medical-center-standard-charges-ncal-en.csv,https://healthy.kaiserpermanente.org/content/dam/kporg/final/documents/health-plan-documents/coverage-information/machine-readable/941105628-south-san-francisco-medical-center-standard-charges-ncal-en.csv,https://healthy.kaiserpermanente.org/northern-california/doctors-locations/price-transparency,ecdd8451bb89b4e1849d14ca2206aff65b6cc785695fcf5a07439ef863c3158f,"mrfs.csv,manifest.json,downloaded"
Hayward Sisters Hospital,050002,(510) 264-4000,"27200 Calaroga Ave Hayward Ca  94545, Hayward, CA, 94545",CA,https://www.strosehospital.org/,941668344_hayward-sisters-hospital-_standardcharges.csv,https://strosehospital.org/wp-content/uploads/2026/02/941668344_hayward-sisters-hospital-_standardcharges.csv,https://strosehospital.org/price-transparency,8c4dc3943f20b0179de3dc0f8128375c70b3938302233e8b4b714baa3159c947,"mrfs.csv,downloaded"
Hayward Sisters Hospital,050002,(510) 264-4000,"27200 Calaroga Ave Hayward Ca 94545, Hayward, CA, 94545",CA,https://www.strosehospital.org/,941668344_hayward-sisters-hospital-_standardcharges.csv,https://strosehospital.org/wp-content/uploads/2026/02/941668344_hayward-sisters-hospital-_standardcharges.csv,https://strosehospital.org/price-transparency,8c4dc3943f20b0179de3dc0f8128375c70b3938302233e8b4b714baa3159c947,"mrfs.csv,downloaded"
MarinHealth Medical Center,050360,415-925-7000,"250 Bon Air Rd,Greenbrae,CA,94904, Greenbrae, CA, 94904",CA,https://www.mymarinhealth.org/locations/medical-center/,942823538_MarinHealth-Medical-Center_standardcharges.csv,https://apim.services.craneware.com/api-pricing-transparency/api/public/cc145ba21e574ef7da4a1ed8325d54f9/charges/mrf,https://www.cdmpricing.com/cc145ba21e574ef7da4a1ed8325d54f9,1fbaa01a7f6ea2aaad2cd79ad655b5254c5e671462179ab8f6743f3a2ac80990,mrfs.csv
Aurora San Diego,054095,(858) 487-3200,"11878 Ave. of Industry, San Diego, CA 92128-3423, San Diego, CA, 92128",CA,https://www.aurorasandiego.com/,943369426_aurora-san-diego_standardcharges (1).csv,https://www.aurorasandiego.com/sites/default/files/943369426_aurora-san-diego_standardcharges%20%281%29.csv,https://www.aurorasandiego.com/standard-services,074ddabe107e598865b6768924955780a8040319dd720d999ad2ba01bcda99c3,mrfs.csv
San Mateo Medical Center,050113,(650) 573-2222,"222 West 39th Avenue, San Mateo, CA  94403, San Mateo, CA, 94403",CA,https://www.smchealth.org/san-mateo-medical-center,946000532_san-mateo-medical-center_standardcharges_0.csv,https://www.smchealth.org/sites/main/files/file-attachments/946000532_san-mateo-medical-center_standardcharges_0.csv?1775589749,https://www.smchealth.org/health-care-costs,e061f00686fe83f014b24c294593d8a8fc033ef6cc0e37b7cd6e7262f9c99c7a,mrfs.csv
Regional Medical Center,050125,(408) 259-5000,"225 N Jackson Ave., San Jose, CA 95116, San Jose, CA, 95116",CA,https://rmc.scvh.org/home,946000533_regional-medical-center_standardcharges.csv,https://rmc.scvh.org/946000533_regional-medical-center_standardcharges.csv,https://rmc.scvh.org/patients-visitors/patient-services/price-transparency-cost-estimator,65e1362f4fea79eb62f5280baaca5c5a95542dfcd2ac69ce2921902b3b628dc2,mrfs.csv
St. Louise Regional Hospital,050688,(408) 848-2000,"9400 No Name Uno, Gilroy, CA 95020, Gilroy, CA, 95020",CA,https://slrh.scvh.org/home,946000533_st-louise-regional-hospital_standardcharges.csv,https://slrh.scvh.org/946000533_st-louise-regional-hospital_standardcharges.csv,https://slrh.scvh.org/about-us/price-transparency-cost-estimator,afbb7efc24662281a3ba292857ae382bcf62189f680d59308845f6ca1a3962e8,mrfs.csv
O'Connor Hospital,555916,(408) 947-2500,"2105 Forest Ave., San Jose, CA 95128, San Jose, CA, 95128",CA,https://och.scvh.org/home,946000533_o-connor-hospital_standardcharges.csv,https://och.scvh.org/946000533_o-connor-hospital_standardcharges.csv,https://och.scvh.org/about-us/price-transparency-cost-estimator,2b03995f54229d07c2a9aa6957c9670b147c96cc523771ed6364593afc0c6c43,mrfs.csv
Barton Memorial Hospital,050352,(530) 541-3420,"2170 South Ave,South Lake Tahoe,CA,96150, South Lake Tahoe, CA, 96150",CA,https://www.bartonhealth.org/find-a-location/locations-profile/barton-memorial-hospital/,946050274_Barton-Memorial-Hospital_standardcharges.csv,https://apim.services.craneware.com/api-pricing-transparency/api/public/30e503ebb1af329423bf2825174aa646/charges/mrf,https://www.bartonhealth.org/patients-family/billing-financial-services/hospital-pricing/,70c27507555c67ddd34e2850e9360afa5a85206263680bf0f795bb3a7ff7b193,mrfs.csv
Kaweah Delta Health Care District,050057,(559) 624-2000,"400 W Mineral King Ave Visalia CA 93291, Visalia, CA, 93291",CA,https://www.kaweahhealth.org/,946078091_kaweah-health_standardcharges.csv,https://www.kaweahhealth.org/images/946078091_kaweah-health_standardcharges.csv,https://www.kaweahhealth.org/chargemaster-access/chargemaster,b3a7509d68a15c78121f2b453a00ee4e1680f191d875576822d29e4d0c1a987b,mrfs.csv
USC Arcadia Hospital,050238,(626) 898-8000,"300 W Huntington Drive Arcadia CA 91006, Arcadia, CA, 91006",CA,https://www.uscarcadiahospital.org/,951643336_usc-arcadia-hospital_standardcharges.csv,https://www.keckmedicine.org/wp-content/uploads/2025/06/951643336_usc-arcadia-hospital_standardcharges.csv,https://www.keckmedicine.org/usc-arcadia-hospital/patients-visitors/#hospital-price-transparency,d860170aff647f66d2242036067e6e241c621b483d981c126c465c807666a8a0,"mrfs.csv,manifest.json,downloaded"
Cottage Health,,(805) 687-7444,"2415 DE LA VINA STREET, SANTA BARBARA, CA 93105, SANTA BARBARA, CA, 93105",CA,https://www.cottagehealth.org/services/rehabilitation/,951644629_CottageRehabilitationHospital_standardcharges.csv,https://www.cottagehealth.org/app/files/public/a792bfdb-ac7c-422b-b0e1-5d279bea0701/951644629_CottageRehabilitationHospital_standardcharges.csvl_standardcharges.csv,https://www.cottagehealth.org/billing/cost-of-care-estimates/,636b129b976dbe9fa473a50faab362a1f2feefa9488de9a067e2d9ddb542fcb3,mrfs.csv
Santa Clara Valley Medical Center,050038,(408) 885-5000,"751 S Bascom Ave., San Jose, CA 95128, San Jose, CA, 95128",CA,https://scvmc.scvh.org/home,946000533_santa-clara-valley-medical-center_standardcharges.csv,https://scvmc.scvh.org/946000533_santa-clara-valley-medical-center_standardcharges.csv,https://www.scvh.org/hospitals-clinics/patient-services/price-transparency-cost-estimator,4ce9a5b548e8d409aab5d128f4b0902da69448256e03464d5c71670c73350ff2,"mrfs.csv,manifest.json,downloaded"
Barlow Respiratory Hospital,052031,(213) 250-4200,"2000 Stadium Way, Los Angeles, CA 90026, Los Angeles, CA, 90026",CA,https://www.barlowhospital.org/locations/barlow-respiratory-hospital-main-campus-in-los-a/,951647809_barlow-respiratory-hospital_standardcharges.csv,https://www.barlowhospital.org/documents/951647809_barlow-respiratory-hospital_standardcharges.csv,https://www.barlowhospital.org/price-transparency/,c9a0055caa5d5466647cb676cd3b7a8124290d3bd805e985fb157c6d2f6ddf0e,mrfs.csv
Barlow Respiratory Hospital,052031,(213) 250-4200,"2000 Stadium Way, Los Angeles, CA 90026, Los Angeles, CA, 90026",CA,https://www.barlowhospital.org/locations/barlow-respiratory-hospital-main-campus-in-los-a/,951647809_barlow-respiratory-hospital_standardcharges.csv,https://www.barlowhospital.org/documents/951647809_barlow-respiratory-hospital_standardcharges.csv,https://www.barlowhospital.org/price-transparency/,c9a0055caa5d5466647cb676cd3b7a8124290d3bd805e985fb157c6d2f6ddf0e,mrfs.csv
Cottage Health,050396,(805) 682-7111,"400 W. Pueblo St, Santa Barbara, CA 93105, Santa Barbara, CA, 93105",CA,https://www.cottagehealth.org/locations/locations-profile/santa-barbara-cottage-hospital/,951644629_SantaBarbaraCottageHospital_standardcharges.csv,https://www.cottagehealth.org/app/files/public/e1b4f204-aecf-402f-87dd-437c9d401c58/951644629_SantaBarbaraCottageHospital_standardcharges.csv,https://www.cottagehealth.org/billing/cost-of-care-estimates/,86682121b6a41312893fcc52ff44b01e29e5df13a5586913b3d1025d89bf4f56,mrfs.csv
PIH Health Good Samaritan Hospital,050471,213-977-2121,"1225 Wilshire Blvd Los Angeles Ca 90017, Los Angeles, CA, 90017",CA,https://www.pihhealth.org/find-a-location/locations-profile/pih-health-good-samaritan-hospital/,951656366_PIH Good Samaritan Hospital_standardcharges_3.16.26.csv,https://www.pihhealth.org/app/files/public/e2abca98-4814-42a8-8b5d-393e0e670622/951656366_PIH%20Good%20Samaritan%20Hospital_standardcharges_3.16.26.csv,https://www.pihhealth.org/patients-visitors/billing-financial-assistance/cms-hospital-pricing,01e3bde870c42bf553b2385018f65c7a9de9ff08b88353d2217940a8dd7291a6,mrfs.csv
Ojai Valley Community Hospital,051334,805-646-1401,"1306 Maricopa Highway, Ojai, CA 93023, Ojai, CA, 93023",CA,https://www.mycmh.org/locations/community-memorial-hospital-ojai/,951683892_community-memorial-healthcare-ojai_standardcharges.csv.csv,https://www.mycmh.org/documents/951683892_community-memorial-healthcare-ojai_standardcharges.csv.csv,https://www.mycmh.org/patients-visitors/billing-insurance/price-transparency/,24077907ecc1011ed15b36a00383d87d69120342c53f65c9fe6716a764f3a7c1,mrfs.csv
Community Memorial Hospital Ventura,050394,(805) 652-5011,"147 N Brent Street, Ventura, CA 93003, Ventura, CA, 93003",CA,https://www.mycmh.org/locations/community-memorial-hospital-ventura/,951683892_community-memorial-healthcare-ventura_standardcharges.csv.csv,https://www.mycmh.org/documents/951683892_community-memorial-healthcare-ventura_standardcharges.csv.csv,https://www.mycmh.org/patients-visitors/billing-insurance/price-transparency/,d3c411645acd8d3189f98c9ffec2a1286037370a72634fb42d7f09a9b716e68b,mrfs.csv
PIH Health Downey Hospital,050393,(562) 904-5000,"11500 Brookshire Ave Downey CA 90241, Downey, CA, 90241",CA,https://www.pihhealth.org/find-a-location/locations-profile/pih-health-hospital-downey/,951903935_pih-health-downey-hospital_standardcharges.csv,https://www.pihhealth.org/app/files/public/fd7abbe3-6682-49bd-a123-56540116af71/951903935_pih-health-downey-hospital_standardcharges.csv,https://www.pihhealth.org/patients-visitors/billing-financial-assistance/cms-hospital-pricing/,b9f7dc07de18e89da7a7fe31aa2beda58d9e9c6d7d2e3e88a531d7472a3035bf,mrfs.csv
Cottage Health,051331,805-688-6431,"2050 Viborg Ave, Solvang, CA 93463, Solvang, CA, 93463",CA,https://www.cottagehealth.org/santa-ynez-valley-cottage-hospital/,952224265_SantaYnezCottageHospital_standardcharges.csv,https://www.cottagehealth.org/app/files/public/df13ef04-e541-49f0-9c44-c07617438867/952224265_SantaYnezCottageHospital_standardcharges.csv,https://www.cottagehealth.org/billing/cost-of-care-estimates/,dc8986f92b81a8d05d055082f2137fe98344bbaa64ed60465ae402e3e7e2f9c6,mrfs.csv
Cottage Health,050357,(805) 967-3411,"351 S. Patterson, Santa Barbara, CA 93111, Santa Barbara, CA, 93111",CA,https://www.cottagehealth.org/locations/goleta-valley-cottage-hospital/,952413596_GoletaValleyCottageHospital_standardcharges.csv,https://www.cottagehealth.org/app/files/public/73845ed9-a256-4683-a051-5f53e1e7dfa6/952413596_GoletaValleyCottageHospital_standardcharges.csv,https://www.cottagehealth.org/billing/cost-of-care-estimates/,19d32242dddb74a3fc09fbb08681efc78d329c4ab2e41427c18a26bb8e040dba,mrfs.csv
Palmdale Regional Medical Center,050204,661-382-5000,"38600 Medical Center Drive, Palmdale, CA 93551, Palmdale, CA, 93551",CA,https://www.swhpalmdaleregional.com/,953565954_palmdale-regional-medical-center_standardcharges.csv,https://uhsfilecdn.eskycity.net/ac/953565954_palmdale-regional-medical-center_standardcharges.csv,https://www.swhpalmdaleregional.com/patients-visitors/pricing-guide,65ab52a384dc95d58d513316795b886c96c173258cdf9b2247e56fb8ee2b47ea,mrfs.csv
West Covina Medical Center,050096,626-338-8481,"725 S Orange Ave, West Covina, CA 91790, West Covina, CA, 91790",CA,https://westcovinamc.com/,954236723_WEST-COVINA-MEDICAL-CENTER_standardcharges.csv,https://westcovinamc.com/downloads/954236723_WEST-COVINA-MEDICAL-CENTER_standardcharges.csv,https://westcovinamc.com/pricing.html,60071def4b778e91deb61b41093dbb3983c6f7d39756b24becd54371ae49cf44,mrfs.csv
Lompoc Valley Medical Center,050110,805-737-3300,"1515 E Ocean Ave Lompoc CA 93436, Lompoc, CA, 93436",CA,https://www.lompocvmc.com/,956001880_lompoc-valley-medical-center_standardcharges.csv,https://lompocvalleymedicalcenter.pg.revenuemasters.com/cdm-files/956001880_lompoc-valley-medical-center_standardcharges.csv,,0cafb0fdd083f637f226e85776b1574cd6b0edc16654f4b28eacc76dd48b359e,"mrfs.csv,downloaded"
Antelope Valley Medical Center,050056,(661) 949-5000,"1600 W Ave J,Lancaster,CA,93534, Lancaster, CA, 93534",CA,https://www.avmc.org/,956005217_Antelope-Valley-Medical-Center_standardcharges.csv,https://apim.services.craneware.com/api-pricing-transparency/api/public/f961a5b495c6b41f2fca90c83cc92dcf/charges/mrf,https://www.cdmpricing.com/f961a5b495c6b41f2fca90c83cc92dcf,3a082352ec2648fef8d817f785b1610743df89a4f6b9ea476d0556f68528e8da,mrfs.csv
Eastern Plumas Health Care,058597,(530) 993-6100,"500 1st Avenue Porola, CA 96122, Porola, CA, 96122",CA,https://www.ephc.org/loyalton-medical-clinic.php,EPHC-charge-master.csv, https://www.ephc.org/documents/EPHC-charge-master.csv,https://www.ephc.org/price-transparency.php,59642d316270588578301866e51a1502444a9dc8ce78a7f0bf98170c11636b8c,mrfs.csv
Alhambra Hospital Medical Center,050281,(626) 570-1606,"100 S RAYMOND AVE ALHAMBRA CA 91801, Alhambra, CA, 91801",CA,https://www.alhambrahospital.com/,PricingTransparency-Alhambra_Hosptial_Medical_Center_-_MediTech-3323-20260326202955.csv,https://www.alhambrahospital.com/docs/PricingTransparency-Alhambra_Hosptial_Medical_Center_-_MediTech-3323-20260326202955.csv,https://www.alhambrahospital.com/getpage.php?name=Pricing_Transparency_Page&sub=Visitors,7548a393036548f98b6e5cbc9ee047b3f59a8b48b633ae83959d4d7f666334e3,mrfs.csv
AHMC Anaheim Regional Medical Center LP,050226,(714) 774-1450,"1111 W. La Palma Ave, Anaheim, CA 92801, Anaheim, CA, 92801",CA,https://www.ahmchealth.com/armc/,PricingTransparency-Anaheim_Regional_Medical_Center-3289-2026.csv,https://www.ahmchealth.com/docs/PricingTransparency-Anaheim_Regional_Medical_Center-3289-2026.csv,https://www.ahmchealth.com/armc/getpage.php?name=Price_Transparency,7eb48c005ee3e6a72d1996800582bb26201ac8a025b1fb127c98bd161552fa98,mrfs.csv
AHMC Garfield Medical Ctr,050737,626-573-2222,"525 N Garfield Ave, Monterey Park, CA, 91754",CA,https://www.ahmchealth.com/gmc/,PricingTransparency-Garfield_Medical_Ctr-3221-20260312022710_20260317_final.csv,https://www.ahmchealth.com/docs/PricingTransparency-Garfield_Medical_Ctr-3221-20260312022710_20260317_final.csv,https://www.ahmchealth.com/gmc/getpage.php?name=Price_Transparency,6e3ad9143554cbeb9ef5a8e45e03ad4cbcf8a7c879dd0d851f58997dbd7f4292,mrfs.csv
Greater El Monte Community Hosp,050738,(626) 579-7777,"1701 Santa Anita Ave South El Monte, CA 91733, South El Monte, CA, 91733",CA,https://www.ahmchealth.com/gemch/,PricingTransparency-Greater_El_Monte_Community_Hosp-2026.csv,https://www.ahmchealth.com/docs/PricingTransparency-Greater_El_Monte_Community_Hosp-2026.csv,https://www.ahmchealth.com/gemch/getpage.php?name=Price_Transparency,3eb3e45cd16a29417c68e9eb7dee9bf4bd7f0e3480c371b94663045efd295fb5,mrfs.csv
Parkview Community Hospital Medical Center,050102,951-688-2211,"3865 Jackson Street, Riverside, CA, 92501",CA,https://www.ahmchealth.com/dhr/,PricingTransparency-Parkview_Community_Hospital_Medical_Center-3286-20260320142433.csv,https://www.ahmchealth.com/docs/PricingTransparency-Parkview_Community_Hospital_Medical_Center-3286-20260320142433.csv,https://www.ahmchealth.com/dhr/getpage.php?name=Price_Transparency,2c88e11719f465c6804ee55a8980d22d297103fcd54fb2ee2111f3661906e9d4,mrfs.csv
San Gabriel Valley Medical Center,050132,626-289-5454,"438 W Las Tunas Dr. San Gabriel, CA 91776, Gabriel, CA, 91776",CA,https://www.ahmchealth.com/sgvmc/,PricingTransparency-San_Gabriel_Valley_Medical_Center-3324-20260326210352.csv,https://www.ahmchealth.com/docs/PricingTransparency-San_Gabriel_Valley_Medical_Center-3324-20260326210352.csv,https://www.ahmchealth.com/sgvmc/getpage.php?name=Price_Transparency,bf5b440f95f3e73d8be4324ce09e3d164ca8670d55d25f3ef0314daa9d9c73b9,mrfs.csv
Seton Medical Center,050289,650-992-4000,"1900 Sullivan Ave. Daly City, CA 94015, Daly City, CA, 94015",CA,https://www.ahmchealth.com/smc/,PricingTransparency-Seton_Medical_Center-3332-20260331190057.csv,https://www.ahmchealth.com/docs/PricingTransparency-Seton_Medical_Center-2367-20250211205037.csv,https://www.ahmchealth.com/smc/getpage.php?name=Price_Transparency,33b4eb115dd32716aad26c587207454ad51d7ba0c02107a40b2cd1336b7e2b75,mrfs.csv
Seton Medical Center - Coastside,,650-563-7100,"600 MARINE BOULEVARD Moss Beach, CA 94038, Beach, CA, 94038",CA,https://www.ahmchealth.com/smc/,PricingTransparency-Seton_Medical_Center_-_Coastside-3333-20260331195524.csv,https://www.ahmchealth.com/docs/PricingTransparency-Seton_Medical_Center_-_Coastside-3333-20260331195524.csv,https://www.ahmchealth.com/sgvmc/getpage.php?name=Price_Transparency,6aebb65f2c41bd681ab05ac786234a63a5d2610c23e5ca557cfbfbfeacc3dbe2,mrfs.csv
Aurora Charter Oak,054069,877-674-7781,"1161 E. Covina Blvd, Covina, CA 91724-1523, Covina, CA, 91724",CA,https://www.charteroakhospital.com/,Standard_Charges.csv,https://www.charteroakhospital.com/Standard_Charges.csv,https://www.charteroakhospital.com/price-transparency/,9d14768661f6609505ecafd7f84c3c7d580de31fbf3f4514e8b7da5c3cd4cd48,mrfs.csv
UCSF Benioff Childrens Oakland,053301,(510) 428-3000,"747 52Nd Street, Oakland, CA 94609, Oakland, CA, 94609",CA,https://www.ucsfbenioffchildrens.org/locations/oakland-main-hospital,106381154_ucsf-benioff-childrens-oakland_standardcharges.csv,https://app.box.com/index.php?rm=box_download_shared_file&shared_name=pkobyi0jmi5a4ybe6wu06bk99lki5qnu&file_id=f_1959275788430,https://www.ucsfbenioffchildrens.org/billing-and-insurance/pricing-transparency,77ef8e3c1ce4607567ec979d9ed90e3294effad713f894afa4eeee5a90e9f0d8,mrfs.csv
Ucsf Medical Center,,(415) 567-6600,"505 Parnassus Ave, Box 0296, San Francisco, CA 94143, San Francisco, CA, 94143",CA,https://www.ucsfhealth.org/locations/mount-zion-campus,106010776_ucsf-medical-center_standardcharges.csv,https://app.box.com/index.php?rm=box_download_shared_file&shared_name=ldckxfm5nm9wah74gqi7fdhe6mrtpg5e&file_id=f_1959275070690,https://www.ucsfbenioffchildrens.org/billing-and-insurance/pricing-transparency,024837bb4fd4a3c8c7703fa1b94493deca4ee43ca0864d9548d61e1a02f6125d,"mrfs.csv,manifest.json"
MemorialCare Miller Children's & Women's Hospital Long Beach,053309,(562) 933-5437,"2801 Atlantic Avenue, Long Beach, CA 90806, Long Beach, CA, 90806",CA,https://www.millerchildrens.memorialcare.org/,-women-_s-hospital-long-beach_standardcharges.csv,https://www.memorialcare.org/sites/default/files/_images/content/Patient-Financial-Services/953527031-1962442012_memorialcare-miller-children-_s-%26-women-_s-hospital-long-beach_standardcharges.json,https://www.memorialcare.org/patients-visitors/patient-financial-tools-and-resources,27fd1e31af714176e49e6b5428330dd2a3c34b56a31662c82bc1191a5f5128e4,mrfs.csv
Ucsf Medical Center,,(415) 567-6600,"1975 4th Street, San Francisco, CA 94158, San Francisco, CA, 94158",CA,https://www.ucsfhealth.org/locations/mount-zion-campus,106010776_ucsf-medical-center_standardcharges.csv,https://app.box.com/index.php?rm=box_download_shared_file&shared_name=ldckxfm5nm9wah74gqi7fdhe6mrtpg5e&file_id=f_1959275070690,https://www.ucsfbenioffchildrens.org/billing-and-insurance/pricing-transparency,024837bb4fd4a3c8c7703fa1b94493deca4ee43ca0864d9548d61e1a02f6125d,"mrfs.csv,manifest.json"
Ucsf Medical Center,,(415) 567-6600,"1600 Divisadero, San Francisco, CA 94115, San Francisco, CA, 94115",CA,https://www.ucsfhealth.org/locations/mount-zion-campus,106010776_ucsf-medical-center_standardcharges.csv,https://app.box.com/index.php?rm=box_download_shared_file&shared_name=ldckxfm5nm9wah74gqi7fdhe6mrtpg5e&file_id=f_1959275070690,https://www.ucsfbenioffchildrens.org/billing-and-insurance/pricing-transparency,024837bb4fd4a3c8c7703fa1b94493deca4ee43ca0864d9548d61e1a02f6125d,"mrfs.csv,manifest.json"
UCSF Langely Porter Psychiatic Hospital,054144,(415) 476-7000,"1600 Divisadero, Flr 7, San Francisco, CA 94115, San Francisco, CA, 94115",CA,https://www.ucsfhealth.org/locations/langley-porter-psychiatric-hospital-mount-zion,106010776_ucsf-langely-porter-psychiatic-hospital_standardcharges.csv,https://app.box.com/index.php?rm=box_download_shared_file&shared_name=3qwt5aex5xogbxxsjw6cz5u50kf15vxt&file_id=f_1959272306335,https://www.ucsfhealth.org/about/pricing-transparency,cfebbd9f8442b705e2cd1ea7bfcf5974f52d1d259548dbf4e9e1fb506b9601ab,"mrfs.csv,manifest.json"
Ucsf Medical Center,,(415) 567-6600,"505 Parnassus Ave, San Francisco, CA 94143, San Francisco, CA, 94143",CA,https://www.ucsfhealth.org/locations/mount-zion-campus,106010776_ucsf-medical-center_standardcharges.csv,https://app.box.com/index.php?rm=box_download_shared_file&shared_name=ldckxfm5nm9wah74gqi7fdhe6mrtpg5e&file_id=f_1959275070690,https://www.ucsfbenioffchildrens.org/billing-and-insurance/pricing-transparency,024837bb4fd4a3c8c7703fa1b94493deca4ee43ca0864d9548d61e1a02f6125d,"mrfs.csv,manifest.json"
Sherman Oaks Hospital,050755,818-981-7111,"4929 Van Nuys Boulevard Sherman Oaks, CA  91403, Sherman Oaks, CA, 91403",CA,https://shermanoakshospital.org/,202546649_ShermanOaksHospital_standardcharges.csv,https://shermanoakshospital.org/wp-content/uploads/2026/04/202546649_ShermanOaksHospital_standardcharges.JSON,https://shermanoakshospital.org/patients-visitors/price-transparency/,f8b45b13a1ba9fe575d8234a4c4ee9be1037231457fbb7e773ce981b53963f67,mrfs.csv
Montclair Hospital Medical Center,050758,909-625-5411,"5000 San Bernardino Street Montclair, CA  91763, Montclair, CA, 91763",CA,https://montclair-hospital.org/,202898771_MontclairHospitalMedicalCenter_standardcharges.csv,https://montclair-hospital.org/wp-content/uploads/2026/04/202898771_MontclairHospitalMedicalCenter_standardcharges.JSON,https://montclair-hospital.org/price-transparency,a398920882fdc30577b055e20cd47d18a4211eee4d0ec627701fa91dd8a09096,mrfs.csv
West Anaheim Medical Center,050426,714-827-3000,"3033 West Orange Avenue Anaheim, CA  92804, Anaheim, CA, 92804",CA,https://westanaheimmedctr.com/,205245674_WestAnaheimMedicalCenter_standardcharges.csv,https://westanaheimmedctr.com/wp-content/uploads/2026/04/205245674_WestAnaheimMedicalCenter_standardcharges.JSON,https://westanaheimmedctr.com/about-us/price-transparency,3ba275e01e223157d6038d5032399f1e8e6432f6f4f2dd4c22c6d8fd50dad650,mrfs.csv
Huntington Beach Hospital,050526,(714) 843-5000,"17772 Beach Boulevard Huntington Beach, CA  92647, Beach, CA, 92647",CA,https://hbhospital.org/,205252882_HuntingtonBeachHospital_standardcharges.csv,https://hbhospital.org/wp-content/uploads/2026/04/205252882_HuntingtonBeachHospital_standardcharges.JSON,https://hbhospital.org/price-transparency,7edfd3f62eee568e18d0ff071c058d252b5fac1e42cac8702d2f532c791d58c8,mrfs.csv
La Palma Intercommunity Hospital,050580,714-670-7400,"7901 Walker Street La Palma, CA  90623, La Palma, CA, 90623",CA,https://lapalmaintercommunityhospital.com/,205253134_LaPalmaIntercommunityHospital_standardcharges.csv,https://lapalmaintercommunityhospital.com/wp-content/uploads/2026/04/205253134_LaPalmaIntercommunityHospital_standardcharges.JSON,https://lapalmaintercommunityhospital.com/patients-visitors/price-transparency/,d2f0f738dca7cbd2b87d5702f300d9d7866629053632224210c09bc1f10f51e7,mrfs.csv
Paradise Valley Hospital,050024,619-470-4321,"2400 East Fourth Street National City, CA  91950, National City, CA, 91950",CA,https://paradisevalleyhospital.net/,205837239_ParadiseValleyHospital_standardcharges.csv,https://paradisevalleyhospital.com/wp-content/uploads/2026/04/205837239_ParadiseValleyHospital_standardcharges.JSON,https://paradisevalleyhospital.net,0b4273718563166091527db27f18bebff9b43f0e6076e0ae23dc5ce399b20143,mrfs.csv
Kindred Hospital South Bay,052050,310-323-5330,"1246 West 155Th Street, Gardena, CA 90247, Gardena, CA, 90247",CA,https://www.kindredhospitals.com/locations/california/south-bay,260717649_kindred-hospital-south-bay_standardcharges.csv,https://hospitalpricedisclosure.com/download.aspx?pi=Grf*_*4s0nvNLCTlUupwN0kw*-*,https://hospitalpricedisclosure.com/default.aspx?pi=Grf*_*4s0nvNLCTlUupwN0kw*-*,263a862ac398a2663cd3715e798cf8124781faee106a963e928d41ea3633172c,mrfs.csv
Kindred Hospital Riverside,052052,951-436-3535,"2224 Medical Center Drive, Perris, CA 92571, Perris, CA, 92571",CA,https://www.kindredhospitals.com/locations/california/riverside,260717650_kindred-hospital-riverside_standardcharges.csv,https://hospitalpricedisclosure.com/download.aspx?pi=YmbPGMbcEpsgT0BKTJ2zrQ*-*,https://hospitalpricedisclosure.com/default.aspx?pi=YmbPGMbcEpsgT0BKTJ2zrQ*-*,b78db2d5f822a7c2188256a632522adadb6342491836efe18687a18d9fa63a08,mrfs.csv
Kindred Hospital Rancho,052049,909-581-6400,"10841 White Oak Avenue, Rancho Cucamonga, CA 91730, Rancho Cucamonga, CA, 91730",CA,https://www.kindredhospitals.com/locations/california/rancho,260717700_kindred-hospital-rancho_standardcharges.csv,https://hospitalpricedisclosure.com/download.aspx?pi=1cgHkGTTDp4y1*__*iJPNaJFQ*-*,https://hospitalpricedisclosure.com/default.aspx?pi=1cgHkGTTDp4y1*__*iJPNaJFQ*-*,c92cafe58908950ccffd928ed7c6bf66f8538f245ede46f87b56da1c411c65cb,mrfs.csv
Centinela Hospital Medical Center,050739,(310) 673-4660,"555 East Hardy Street Inglewood, CA  90301, Inglewood, CA, 90301",CA,https://centinelamed.com/,261150758_CentinelaHospitalMedicalCenter_standardcharges.csv,https://centinelamed.com/wp-content/uploads/2026/04/261150758_CentinelaHospitalMedicalCenter_standardcharges.JSON,https://centinelamed.com/price-transparency,8b285153dfcd2ffcd7eec5b744d08fb89bf9d1b31a3a1fb804eba6b24379464e,mrfs.csv
Encino Hospital Medical Center,050158,(818) 995-5000,"16237 Ventura Boulevard Encino, CA  91436, Encino, CA, 91436",CA,https://encinomed.org/,262128507_EncinoHospitalMedicalCenter_standardcharges.csv,https://encinomed.org/wp-content/uploads/2026/04/262128507_EncinoHospitalMedicalCenter_standardcharges.JSON,https://encinomed.org/price-transparency,a5b79f625f81513c9dee4edcbc01ba9968d9b6e7e12b43822ef156329351792b,mrfs.csv
Kindred Hospital Paramount,052046,562-531-3110,"16453  Colorado Avenue, Paramount, CA 90723, Paramount, CA, 90723",CA,https://www.kindredhospitals.com/locations/california/paramount,262166651_kindred-hospital-paramount_standardcharges.csv,https://hospitalpricedisclosure.com/download.aspx?pi=hQX58XjOlegqPIRshj7Abw*-*,https://hospitalpricedisclosure.com/default.aspx?pi=hQX58XjOlegqPIRshj7Abw*-*,b54636240587070d368de2373db7245d25b782b7a4d32ae58a071751fb3fd9aa,mrfs.csv
San Dimas Community Hospital,050588,909-599-6811,"1350 West Covina Boulevard San Dimas, CA  91773, Dimas, CA, 91773",CA,https://www.sandimashospital.com/,262583397_SanDimasCommunityHospital_standardcharges.csv,https://sandimashospital.com/wp-content/uploads/2026/04/262583397_SanDimasCommunityHospital_standardcharges.JSON,https://sandimashospital.com/price-transparency,53ee3ef58e5b552d7303dbe767e20d89ca74e2016974b330fcff7c7b0213c5e4,mrfs.csv
Garden Grove Hospital Medical Center,050230,(714) 537-5160,"12601 Garden Grove Boulevard Garden Grove, CA  92843, Garden Grove, CA, 92843",CA,https://gardengrovehospital.com/,262583411_GardenGroveHospitalMedicalCenter_standardcharges.csv,https://gardengrovehospital.com/wp-content/uploads/2026/04/262583411_GardenGroveHospitalMedicalCenter_standardcharges.JSON,https://gardengrovehospital.com/price-transparency,acea926d319aaedbbdf2055c34ed4cbaf2ce65cd7b07170684d6a384baac08dd,mrfs.csv
Shasta Regional Medical Center,050764,530-244-5400,"1100 Butte Street Redding, CA  96001, Redding, CA, 96001",CA,https://shastaregional.com/,263487583_ShastaRegionalMedicalCenter_standardcharges.csv,https://shastaregional.com/wp-content/uploads/2026/04/263487583_ShastaRegionalMedicalCenter_standardcharges.JSON,https://shastaregional.com/price-transparency,0bc2a1ad17c8eb52679a59c331dc6ccb0bf67f365c14581a6e0a8ff70697d994,mrfs.csv
Hollywood Presbyterian Medical Center,050063,(213) 413-3000,"1300 N Vermont Ave, Los Angeles, CA 90027, Los Angeles, CA 90027, Los Angeles, CA, 90027",CA,https://www.hollywoodpresbyterian.com/,300284087_HOLLYWOOD-PRESBYTERIAN-MEDICAL-CENTER_STANDARDCHARGES.csv,https://www.hollywoodpresbyterian.com/300284087_HOLLYWOOD-PRESBYTERIAN-MEDICAL-CENTER_STANDARDCHARGES.json,https://www.hollywoodpresbyterian.com/billing-and-financial-services,40410142b4b92c3106ea5258d70b45bf7a91008046f5f387b3be0e24684bdfeb,mrfs.csv
Kindred Hospital Baldwin Park,052045,626-388-2700,"14148 Francisquito Avenue, Baldwin Park, CA 91706, Baldwin Park, CA, 91706",CA,https://www.kindredhospitals.com/locations/california/baldwin-park,320315911_kindred-hospital-baldwin-park_standardcharges.csv,https://hospitalpricedisclosure.com/download.aspx?pi=3M2fBsf9vRz1ZdbwYKNHBg*-*,https://hospitalpricedisclosure.com/default.aspx?pi=3M2fBsf9vRz1ZdbwYKNHBg*-*,c55d3ced8f233b65a5c0672710cebe6f366462b5f43c47ed23d2e52c1800f636,mrfs.csv
Desert Valley Hospital,050709,(760) 241-8000,"16850 Bear Valley Road Victorville, CA  92395, Victorville, CA, 92395",CA,https://www.dvmc.com/,330502805_DesertValleyHospital_standardcharges.csv,https://dvmc.com/wp-content/uploads/2026/04/330502805_DesertValleyHospital_standardcharges.JSON,https://dvmc.com/price-transparency,01179033eda10e06e5bdbeb113e57ee061b6c9bc710c0d44743631d70fc6014d,mrfs.csv
Kindred Hospital Brea,052039,714-529-6842,"875 N Brea Blvd, Brea, CA 92821, Brea, CA, 92821",CA,https://www.kindredhospitals.com/locations/california/brea,330629983_kindred-hospital-brea_standardcharges.csv,https://hospitalpricedisclosure.com/download.aspx?pi=D6z3SsUBiiOS9RRgqbgO5w*-*,https://hospitalpricedisclosure.com/default.aspx?pi=D6z3SsUBiiOS9RRgqbgO5w*-*,732fa15b9787bce36b445d71519c73564320c2097e8a15e2f9cf7d27cd5da4b8,mrfs.csv
Kindred Hospital Los Angeles,052032,310-642-0325,"5525  W Slauson Avenue, Los Angeles, CA 90056, Los Angeles, CA, 90056",CA,https://www.kindredhospitals.com/locations/california/los-angeles,330629983_kindred-hospital-los-angeles_standardcharges.csv,https://hospitalpricedisclosure.com/download.aspx?pi=sfjRzZ*_*rd4YvmrrUvTJxbg*-*,https://hospitalpricedisclosure.com/default.aspx?pi=sfjRzZ*_*rd4YvmrrUvTJxbg*-*,ecf5b3c64c36a4c0bc5faee3bcfbe0510ed481fb7e957788a9bac35782702a42,mrfs.csv
Kindred Hospital Ontario,052037,909-391-0333,"550 North Monterey, Ontario, CA 91764, Ontario, CA, 91764",CA,https://www.kindredhospitals.com/locations/california/ontario,330629983_kindred-hospital-ontario_standardcharges.csv,https://hospitalpricedisclosure.com/download.aspx?pi=UYy32en5uMsEzLZKsWkYSQ*-*,https://hospitalpricedisclosure.com/default.aspx?pi=UYy32en5uMsEzLZKsWkYSQ*-*,168c55ac18931f719595313480f1546bb8dc2ca1cb00f2206c42361ed8ab4cc2,mrfs.csv
Kindred Hospital San Diego,052036,619-543-4500,"1940 El Cajon Blvd, San Diego, CA 92104, San Diego, CA, 92104",CA,https://www.kindredhospitals.com/locations/california/san-diego,330629983_kindred-hospital-san-diego_standardcharges.csv,https://hospitalpricedisclosure.com/download.aspx?pi=KbpF*__*gXMyZOR4N*__*7IM3qYA*-*,https://hospitalpricedisclosure.com/default.aspx?pi=KbpF*__*gXMyZOR4N*__*7IM3qYA*-*,4a1533f4a788dadf9b67956c732c12c8d8964711256285b2efd45df7edbe71bf,mrfs.csv
Kindred Hospital San Francisco Bay Area,052034,510-357-8300,"2800 Benedict Drive, San Leandro, CA 94577, San Leandro, CA, 94577",CA,https://www.kindredhospitals.com/locations/california/san-francisco-bay-area,330629983_kindred-hospital-san-francisco-bay-area_standardcharges.csv,https://hospitalpricedisclosure.com/download.aspx?pi=sOTH2lETFx7uPyLW0w2VfQ*-*,https://hospitalpricedisclosure.com/default.aspx?pi=sOTH2lETFx7uPyLW0w2VfQ*-*,4f176ec21f98a5290c06c96442bc8792d70422c7ad3b723f87a6412b40a5fa82,mrfs.csv
Kindred Hospital Westminster,052035,657-666-7700,"200 Hospital Circle, Westminster, CA 92683, Westminster, CA, 92683",CA,https://www.kindredhospitals.com/locations/california/westminster,330629983_kindred-hospital-westminster_standardcharges.csv,https://hospitalpricedisclosure.com/download.aspx?pi=00N*_*DvigfdWnpkT*__*UybSRQ*-*,https://hospitalpricedisclosure.com/default.aspx?pi=00N*_*DvigfdWnpkT*__*UybSRQ*-*,67daa56bc55b06222662b1bd84fb03ed5ba53c07057258590845275cdbd5ee6c,mrfs.csv
MemorialCare Orange Coast Medical Center,050678,(714) 378-7000,"9920 Talbert Avenue, Fountain Valley, CA 92708, Fountain Valley, CA, 92708",CA,https://www.memorialcare.org/locations/orange-coast-medical-center,330687414_memorialcare-orange-coast-medical-center_standardcharges.csv,https://www.memorialcare.org/sites/default/files/_images/content/Patient-Financial-Services/330687414_memorialcare-orange-coast-medical-center_standardcharges.json,https://www.memorialcare.org/patients-visitors/patient-financial-tools-and-resources,15080d061fb0798cf89b7e801d6357784f1b86c92d6e192053c45d66501a536a,mrfs.csv
Pacifica Hospital of the Valley,050378,818-767-3310,"9449 San Fernando Road, Sun Valley, CA 91352, Sun Valley, CA, 91352",CA,https://pacificahospital.com/,330737312_pacifica-hospital-of-the-valley_standardcharges.csv,https://secure.claraprice.net/price-transparency/ZFYY-1731000747134/machine-readable/330737312_pacifica-hospital-of-the-valley_standardcharges.json,https://secure.claraprice.net/price-transparency/pacifica-hospital-of-the-valley-ca,bd5430d94cd2ae59885ea8bef0f2d5dffdd3babc98c98ebbb6edbc1388f3ca6c,mrfs.csv
Chino Valley Medical Center,050586,(909) 464-8600,"5451 Walnut Avenue Chino, CA  91710, Chino, CA, 91710",CA,https://cvmc.com/,330928285_ChinoValleyMedicalCenter_standardcharges.csv,https://cvmc.com/wp-content/uploads/2026/04/330928285_ChinoValleyMedicalCenter_standardcharges.JSON,https://cvmc.com/price-transparency,f5d85112aaabe51ac62915212ca99ca6a5ce21970c70dd1f370dbf46b910ee20,mrfs.csv
St. Joseph's Behavioral Health Center,054123,(844) 939-4507,"2510 N California St, Stockton, CA 95204, Stockton, CA, 95204",CA,https://www.dignityhealth.org/central-california/locations/stjosephsbehavioral,465322209_st-josephs-behavioral-health-center_standardcharges.csv,https://www.dignityhealth.org/content/dam/dignity-health/documents/mrf-json/southern-california/json/465322209_st-josephs-behavioral-health-center_standardcharges.json?target=%22_blank%22,https://www.dignityhealth.org/central-california/locations/stjosephsbehavioral/patients-and-visitors/patients/billing-information/hospital-pricing-transparency,dda1cc2728752ca8549229ddd7ff28d1651df01c98a7919924825a992d9e9b6a,mrfs.csv
St. Joseph's Medical Center of Stockton,050084,(209) 943-2000,"1800 N California St, Stockton, CA 95204, Stockton, CA, 95204",CA,https://www.dignityhealth.org/central-california/locations/stjosephs-stockton,465322209_st-josephs-medical-center-of-stockton_standardcharges.csv,https://www.dignityhealth.org/content/dam/dignity-health/documents/mrf-json/southern-california/json/465322209_st-josephs-medical-center-of-stockton_standardcharges.json?target=%22_blank%22,https://www.dignityhealth.org/central-california/locations/stjosephs-stockton/patients-and-visitors/for-patients/billing-information/hospital-pricing-transparency,d7d13d9191804e5051dde31fc19fcfb64dee76e40cd92ef60c98f037214d672d,"mrfs.csv,manifest.json"
Hi-Desert Medical Center,050279,(760) 366-3711,"6601 White Feather Rd, Joshua Tree, CA 92252, Joshua Tree, CA, 92252",CA,https://www.desertcarenetwork.com/locations/detail/hi-desert-medical-center,473550779_hi-desert-medical-center_standardcharges.csv,https://mrfs.hyvehealthcare.com/TenetHealth/473550779_hi-desert-medical-center_standardcharges.json,https://www.desertcarenetwork.com/patients/pricing-info---estimates/hospital-pricing-information,cc39616a3c9cc62ada574092c18c96ea9a84a6bf8139fa7c6e74e38c4cfef05f,mrfs.csv
Emanuel Medical Center,050179,(209) 667-4200,"825 Delbon Ave, Turlock, CA 95382, Turlock, CA, 95382",CA,https://www.emanuelmedicalcenter.org/,752918774_emanuel-medical-center_standardcharges.csv,https://mrfs.hyvehealthcare.com/TenetHealth/752918774_emanuel-medical-center_standardcharges.json,https://www.cvdoctorshealthsystem.com/patients/pricing-info-estimates/hospital-pricing-information,83534b1bdbf5f50bc3dd524e68c2b9ec60d3670f1d0376ebf51d0650b4208a8c,mrfs.csv
Desert Regional Medical Center,050243,(760) 323-6511,"1150 N Indian Canyon Dr, Palm Springs, CA 92262, Palm Springs, CA, 92262",CA,https://www.desertcarenetwork.com/locations/detail/desert-regional-medical-center,752694137_desert-regional-medical-center_standardcharges.csv,https://mrfs.hyvehealthcare.com/TenetHealth/752694137_desert-regional-medical-center_standardcharges.json,https://www.desertcarenetwork.com/patients/pricing-info---estimates/hospital-pricing-information,3d5141c99d1ce32a39e941496b2629e41deaaffb96630af5e91eec0ff587eabc,mrfs.csv
Doctors Hospital of Manteca,050118,(209) 823-3111,"1205 E North St, Manteca, CA 95336, Manteca, CA, 95336",CA,https://www.doctorsmanteca.com/,752918966_doctors-hospital-of-manteca_standardcharges.csv,https://mrfs.hyvehealthcare.com/TenetHealth/752918966_doctors-hospital-of-manteca_standardcharges.json,https://www.cvdoctorshealthsystem.com/patients/pricing-info-estimates/hospital-pricing-information,b551dbe8f247a365ab24b561e8268ed56648deced946f7c21ea3ba7f6bf9a00e,mrfs.csv
Doctors Medical Center of Modesto,050464,(209) 578-1211,"1441 Florida Ave, Modesto, CA 95350, Modesto, CA, 95350",CA,https://www.cvdoctorshealthsystem.com/locations/detail/doctors-medical-center-modesto,752918774_doctors-medical-center-of-modesto_standardcharges.csv,https://mrfs.hyvehealthcare.com/TenetHealth/752918774_doctors-medical-center-of-modesto_standardcharges.json,https://www.cvdoctorshealthsystem.com/patients/pricing-info-estimates/hospital-pricing-information,ff7a664d8463c1503a670efef33a5a2d03c27a0ad87b51af726d0eef571faa5d,mrfs.csv
San Ramon Regional Medical Center,050689,(925) 275-9200,"6001 Norris Canyon Rd, San Ramon, CA 94583, San Ramon, CA, 94583",CA,https://www.sanramonmedctr.com/,752918809_san-ramon-regional-medical-center_standardcharges.csv,https://mrfs.hyvehealthcare.com/TenetHealth/752918809_san-ramon-regional-medical-center_standardcharges.json,https://www.sanramonmedctr.com/patients/pricing-info-estimates/hospital-pricing-information,24f4d02870a47e23d5a6bb47b863ba0fa9a8d0f80b82432ed7ffb181b18d438e,mrfs.csv
Mark Twain Medical Center,051332,(844) 768-3839,"768 Mountain Ranch Rd, San Andreas, CA 95249, San Andreas, CA, 95249",CA,https://www.dignityhealth.org/central-california/locations/marktwainmedical,680127677_mark-twain-medical-center_standardcharges.csv,https://www.dignityhealth.org/content/dam/dignity-health/documents/mrf-json/southern-california/json/680127677_mark-twain-medical-center_standardcharges.json?target=%22_blank%22,https://www.dignityhealth.org/central-california/locations/marktwainmedical/patients-and-visitors/patients/billing-information/hospital-pricing-transparency,db44667134baa89ba4e5745c0c3cd9585d5cbb451f647fe79a5a8bb629ad4771,"mrfs.csv,manifest.json"
JFK Memorial Hospital,050534,(760) 347-6191,"47111 Monroe St, Indio, CA 92201, Indio, CA, 92201",CA,https://www.desertcarenetwork.com/locations/detail/jfk-memorial-hospital,752919774_JFKMemorialHospital_standardcharges.csv,https://mrfs.hyvehealthcare.com/TenetHealth/752919774_jfk-memorial-hospital_standardcharges.json,https://www.desertcarenetwork.com/patients/pricing-info---estimates/hospital-pricing-information,69d23ec056bd7a1a31a1c95f9f07602c3f133c21b7c26d0583ecf166dee214b1,mrfs.csv
LUCILE SALTER PACKARD CHILDREN'S HOSPITAL AT STANFORD,053305,(650) 497-8000,"725 WELCH RD, PALO ALTO, CA 94304, PALO ALTO, CA, 94304",CA,https://www.stanfordchildrens.org/en/location/lucile-packard-childrens-hospital,770003859-lucile-salter-packard-childrens-hospital-at-stanford-standardcharges.csv,https://www.stanfordchildrens.org/content/dam/sch/config-public/charges/770003859-lucile-salter-packard-childrens-hospital-at-stanford-standardcharges.json,https://www.stanfordchildrens.org/en/patients-families/finance-assistance/pricing-transparency.html,2dfe11562deb74155c408eb900bc9706cb8403a157b0d409d39a813b6b93474d,mrfs.csv
Fresno Surgical Hospital,050708,(559) 431-8000,"6125 N Fresno St, Fresno, CA 93710, Fresno, CA, 93710",CA,https://fresnosurgicalhospital.com/,770011624_fresno-surgical-hospital_standardcharges.csv,https://mrfs.hyvehealthcare.com/USPI/770011624_fresno-surgical-hospital_standardcharges.json,https://fresnosurgicalhospital.com/Hospital-Pricing-Information,eaf0223baa7a954941875663925f6cf32977391beeb5a1df212ba353730cc66d,mrfs.csv
Rehabilitation Hospital of Southern California,053041,760-895-6600,"500 E Main St, El Centro, CA 92243, El Centro, CA, 92243",CA,https://rhsc.ernesthealth.com/,811012327_Rehabilitation-Hospital-of-Southern-CA_Standard-Charges.csv,https://ernesthealth.com/wp-content/uploads/2025/01/pricing/Rehabilitation%20Hospital%20of%20Southern%20California/811012327_Rehabilitation-Hospital-of-Southern-CA_Standard-Charges.json,https://rhna.ernesthealth.com/price-transparency,dbb3170a06eea80eef8ae8065affe483cc7c924c6a969d117f275704c0ebfe89,mrfs.csv
California Hospital Medical Center,050149,(213) 748-2411,"1401 S Grand Ave, Los Angeles, CA 90015, Los Angeles, CA, 90015",CA,https://locations.dignityhealth.org/dignity-health-california-hospital-medical-center,815009488_california-hospital-medical-center_standardcharges.csv,https://www.dignityhealth.org/content/dam/dignity-health/documents/mrf-json/southern-california/json/815009488_california-hospital-medical-center_standardcharges.json?target=%22_blank%22,https://www.dignityhealth.org/socal/locations/californiahospital/patients-and-visitors/for-patients/billing-and-payment/hospital-pricing-transparency,70422d0345e64bc4625967f61f3f4ac5932bee0aad7563de13f1ed47d07bc119,mrfs.csv
Sacramento Rehabilitation Hospital,,279-499-1501,"1600 Creekside Dr, Folsom, CA 95630, Folsom, CA, 95630",CA,https://srh.ernesthealth.com/,884202484_Sacramento-Rehabilitation-Hospital_Standard-Charges.csv,https://ernesthealth.com/wp-content/uploads/2025/01/pricing/Sacramento%20Rehabilitation%20Hospital/884202484_Sacramento-Rehabilitation-Hospital_Standard-Charges.json,https://rhna.ernesthealth.com/price-transparency,f2564b50da7291984e4fa6a31a5445b77f2f1b287c8ce425491b609abc274d1b,mrfs.csv
Stockton Regional Rehabilitation Hospital,,(209) 687-5490,"1601 Yosemite St, Stockton, CA 95203, Stockton, CA, 95203",CA,https://stocktonrehab.com/,834015494_Stockton-Regional-Rehabilitation-Hospital_Standard-Charges.csv,https://ernesthealth.com/wp-content/uploads/2025/01/pricing/Stockton%20Regional%20Rehabilitation%20Hospital/834015494_Stockton-Regional-Rehabilitation-Hospital_Standard-Charges.json,https://rhna.ernesthealth.com/price-transparency,a9af1324ee3c4773925cf0eee1c17d248dee5270226fd1e9c8a65e77d440a963,mrfs.csv
Central California Rehabilitation Hospital,,661-688-7000,"4400 Kirkcaldy Dr, Bakersfield, CA 93306, Bakersfield, CA, 93306",CA,https://ccarh.ernesthealth.com/,833913340_Central-California-Rehabilitation-Hospital_Standard-Charges.csv,https://ernesthealth.com/wp-content/uploads/2025/01/pricing/Central%20California%20Rehabilitation%20Hospital/833913340_Central-California-Rehabilitation-Hospital_Standard-Charges.json,https://rhna.ernesthealth.com/price-transparency,a73451863d89444af461477ed6e642aeb642fbda92ab170f67cdd00cd384e466,mrfs.csv
Oroville Hospital,050030,530-533-8500,"2767 Olive Highway, Oroville, CA 95966, Oroville, CA, 95966",CA,https://www.orovillehospital.com/default.aspx,94-1634554_oroville-hospital_standardcharges.csv,https://secure.claraprice.net/price-transparency/ZZKG-1724785095238/machine-readable,https://secure.claraprice.net/price-transparency/oroville-ca,2796a3e037503e30857773c07ee1d0a4d03e5d859c80bd6bd37f993375dd6302,mrfs.csv
St Francis Medical Center,050104,310-900-8900,"3630 East Imperial Highway Lynwood, CA 90262, Lynwood, CA, 90262",CA,https://stfrancismedicalcenter.com/,850737566_StFrancisMedicalCenter_standardcharges.csv,https://stfrancismedicalcenter.com/wp-content/uploads/2026/04/850737566_StFrancisMedicalCenter_standardcharges.JSON,https://stfrancismedicalcenter.com/price-transparency,f5a08523854aef2f4ea37c00aee0cf000fd41b170464fb1364ba59d6da8d2706,mrfs.csv
Resnick Neuropsychiatric Hospital at UCLA,,,"150 UCLA Medical Plaza, Los Angeles, CA 90095, Los Angeles, CA, 90095",CA,,953701255_resnick-neuropsychiatric-hospital-at-ucla_standardcharges.json,https://www.uclahealth.org/sites/default/files/cms-hpt/953701255_resnick-neuropsychiatric-hospital-at-ucla_standardcharges.json,https://www.uclahealth.org/patient-resources/billing-insurance/price-transparency/machine-readable-files,467428adcbeb6ba2aacc58844e30494d33f06af0f1ff34462d072c03ed39167d,manifest.json
Mercy Medical Center Mt. Shasta,051319,530-926-6111,"914 Pine St, Mt Shasta, CA 96067, Mt Shasta, CA, 96067",CA,https://www.dignityhealth.org/north-state/locations/mercy-mtshasta,941196203_mercy-medical-center-mt-shasta_standardcharges.csv,https://www.dignityhealth.org/content/dam/dignity-health/documents/mrf-json/northern-california/json/941196203_mercy-medical-center-mt-shasta_standardcharges.json?target=%22_blank%22,https://www.dignityhealth.org/north-state/locations/mercy-mtshasta/patients-and-visitors/for-patients/billing-information/hospital-pricing-transparency,67cc55e7b87950820583263e0cd758dc6f5383ecfefdc2f0f96d0006a0191868,mrfs.csv
Mercy Medical Center Redding,050280,(844) 735-8465,"2175 Roseline Ave, Redding, CA 96001, Redding, CA, 96001",CA,https://locations.dignityhealth.org/mercy-medical-center-redding,941196203_mercy-medical-center-redding_standardcharges.csv,https://www.dignityhealth.org/content/dam/dignity-health/documents/mrf-json/northern-california/json/941196203_mercy-medical-center-redding_standardcharges.json?target=%22_blank%22,https://www.dignityhealth.org/north-state/locations/mercy-redding/patients-and-visitors/for-patients/billing-information/hospital-pricing-transparency,b17225cbf09c4786aa09ca52318dc38280f54165f780fe097e031f7c79b47411,mrfs.csv
Dominican Hospital,050242,(877) 514-2849,"1555 Soquel Dr, Santa Cruz, CA 95065, Santa Cruz, CA, 95065",CA,https://www.dignityhealth.org/bayarea/locations/dominican,941196203_dominican-hospital_standardcharges.csv,https://www.dignityhealth.org/content/dam/dignity-health/documents/mrf-json/northern-california/json/941196203_dominican-hospital_standardcharges.json?target=%22_blank%22,https://www.dignityhealth.org/bayarea/locations/dominican/patients-and-visitors/for-patients/billing-and-payment/hospital-pricing-transparency,96c616d566043cf5ff30210aadd32db69264f11cda173e30677d73ca221b2381,mrfs.csv
St. Elizabeth Community Hospital,050042,(844) 847-9692,"2550 Sister Mary Columba Dr, Red Bluff, CA 96080, Red Bluff, CA, 96080",CA,https://www.dignityhealth.org/north-state/locations/stelizabethhospital,941196203_st-elizabeth-community-hospital_standardcharges.csv,https://www.dignityhealth.org/content/dam/dignity-health/documents/mrf-json/northern-california/json/941196203_st-elizabeth-community-hospital_standardcharges.json?target=%22_blank%22,https://www.dignityhealth.org/north-state/locations/stelizabethhospital/patients-and-visitors/for-patients/billing-information/hospital-pricing-transparency,d126207d03fe4b248e5c51f61197664f61ca13689f790697b86ddeb2b60d34e7,mrfs.csv
St. John's Hospital Camarillo,050616,(855) 763-9210,"2309 Antonio Ave, Camarillo, CA 93010, Camarillo, CA, 93010",CA,https://www.dignityhealth.org/central-coast/locations/pleasantvalley,941196203_st-johns-hospital-camarillo_standardcharges.csv,https://www.dignityhealth.org/content/dam/dignity-health/documents/mrf-json/southern-california/json/941196203_st-johns-hospital-camarillo_standardcharges.json?target=%22_blank%22,https://www.dignityhealth.org/central-coast/locations/pleasantvalley/patients-and-visitors/for-patients/billing-and-payment/hospital-pricing-transparency,ec2eb195b0fe3877f5b07d386abf38fb018bac96bddb9a9b031f9b203bca2837,mrfs.csv
Sequoia Hospital,050197,(888) 698-9698,"170 Alameda de las Pulgas, Redwood City, CA 94062, Redwood City, CA, 94062",CA,https://locations.dignityhealth.org/sequoia-hospital,815009488_sequoia-hospital_standardcharges.csv,https://www.dignityhealth.org/content/dam/dignity-health/documents/mrf-json/northern-california/json/815009488_sequoia-hospital_standardcharges.json?target=%22_blank%22,https://www.dignityhealth.org/bayarea/locations/sequoia/patients-and-visitors/for-patients/billing-and-payment/hospital-pricing-transparency,37b5a4459620ab06156a59974b89baa84a246ed9c74ac350ce0cd29d8b49e829,mrfs.csv
Sierra Nevada Memorial Hospital,050150,(530) 274-6000,"155 Glasson Way, Grass Valley, CA 95945, Grass Valley, CA, 95945",CA,https://locations.dignityhealth.org/sierra-nevada-memorial-hospital,941439787_sierra-nevada-memorial-hospital_standardcharges.csv,https://www.dignityhealth.org/content/dam/dignity-health/documents/mrf-json/northern-california/json/941439787_sierra-nevada-memorial-hospital_standardcharges.json?target=%22_blank%22,https://www.dignityhealth.org/sacramento/patients-and-visitors/for-patients/billing-information/hospital-pricing-transparency,6cba517b92e12c56eadf1a6fda06e91d2cd22c0948566f3f67db784ac2a179ee,"mrfs.csv,manifest.json"
St. John's Regional Medical Center,050082,(805) 988-2500,"1600 N Rose Ave, Oxnard, CA 93030, Oxnard, CA, 93030",CA,https://www.dignityhealth.org/central-coast/locations/stjohnsregional,941196203_st-johns-regional-medical-center_standardcharges.csv,https://www.dignityhealth.org/content/dam/dignity-health/documents/mrf-json/southern-california/json/941196203_st-johns-regional-medical-center_standardcharges.json?target=%22_blank%22,https://www.dignityhealth.org/central-coast/locations/stjohnsregional/patients-and-visitors/for-patients/billing-and-payment/hospital-pricing-transparency,eee41e6c3a797c1a27077a9d83b9cb008328cda5ec4bc3c67f73bb77d5bd2bdc,mrfs.csv
Marian Regional Medical Center - Arroyo Grande Campus,,(805) 489-4261,"345 S Halcyon Rd., Arroyo Grande, CA 93420, Arroyo Grande, CA, 93420",CA,https://locations.dignityhealth.org/dignity-health-arroyo-grande-community-hospital,941196203_marian-regional-medical-center-arroyo-grande-campus_standardcharges.csv,https://www.dignityhealth.org/content/dam/dignity-health/documents/mrf-json/southern-california/json/941196203_marian-regional-medical-center-arroyo-grande-campus_standardcharges.json?target=%22_blank%22,https://www.dignityhealth.org/central-coast/locations/arroyo-grande/patients-and-visitors/for-patients/billing-information/hospital-pricing-transparency,f085ad27d798af6dd54a9b6f23fdcff0603184563f323b4a522362bc8c024202,mrfs.csv
Marian Regional Medical Center,050107,(855) 533-9359,"1400 E Church St, Santa Maria, CA 93454, Santa Maria, CA, 93454",CA,https://locations.dignityhealth.org/dignity-health-marian-regional-medical-center,941196203_marian-regional-medical-center_standardcharges.csv,https://www.dignityhealth.org/content/dam/dignity-health/documents/mrf-json/southern-california/json/941196203_marian-regional-medical-center_standardcharges.json?target=%22_blank%22,https://www.dignityhealth.org/central-coast/locations/marianregional/patients-and-visitors/for-patients/billing-information/hospital-pricing-transparency,6f5c378c9f95526239bc23b833945dd9ab0143d517c690886e7c1e363806edee,mrfs.csv
French Hospital Medical Center,050232,(805) 543-5353,"1911 Johnson Ave, San Luis Obispo, CA 93401, San Luis Obispo, CA, 93401",CA,https://locations.dignityhealth.org/dignity-health-french-hospital-medical-center,815009488_french-hospital-medical-center_standardcharges.csv,https://www.dignityhealth.org/content/dam/dignity-health/documents/mrf-json/southern-california/json/815009488_french-hospital-medical-center_standardcharges.json?target=%22_blank%22,https://www.dignityhealth.org/central-coast/locations/frenchhospital/patients-and-visitors/for-patients/billing-information/hospital-pricing-transparency,ee91ef17ddc56b0bd8b25e9e2f23b7b4d316315aebbf04a118b3bc911983da33,mrfs.csv
Northridge Hospital Medical Center,050116,(818) 885-8500,"18300 Roscoe Blvd, Northridge, CA 91328, Northridge, CA, 91328",CA,https://www.dignityhealth.org/socal/locations/northridgehospital,815009488_northridge-hospital-medical-center_standardcharges.csv,https://www.dignityhealth.org/content/dam/dignity-health/documents/mrf-json/southern-california/json/815009488_northridge-hospital-medical-center_standardcharges.json?target=%22_blank%22,https://www.dignityhealth.org/socal/locations/northridgehospital/patients-and-visitors/for-patients/billing-and-payment/hospital-pricing-transparency,ba9119eb44e6dc9ada8067594a065c96dab886686994d82054c9994840ef3c50,mrfs.csv
UCLA West Valley Medical Center,,,"7300 Medical Center Drive, West Hills, CA 91307, West Hills, CA, 91307",CA,,95-6006143_UCLA-West-Valley-Medical-Center_standardcharges.csv,https://www.uclahealth.org/sites/default/files/cms-hpt/95-6006143_UCLA-West-Valley-Medical-Center_standardcharges.csv,https://www.uclahealth.org/patient-resources/billing-insurance/price-transparency/machine-readable-files,3f90af61cc26ebd2928ee2510d125ba42272c7ac37ca8e22133cfc11f55235a0,"manifest.json,downloaded"
Community Hospital of San Bernardino,050089,(909) 887-6333,"1805 Medical Center Dr, San Bernardino, CA 92411, San Bernardino, CA, 92411",CA,https://www.dignityhealth.org/socal/locations/san-bernardino,951643373_community-hospital-of-san-bernardino_standardcharges.csv,https://www.dignityhealth.org/content/dam/dignity-health/documents/mrf-json/southern-california/json/951643373_community-hospital-of-san-bernardino_standardcharges.json?target=%22_blank%22,https://www.dignityhealth.org/socal/locations/san-bernardino/patients-and-visitors/for-patients/billing-payment-financial-services/hospital-pricing-transparency,14da5cfd16049d918253c1a0be7fa1d3883c47d3c10d20365f13f81bc2d66035,"mrfs.csv,manifest.json"
Mercy Hospital,,(661) 663-6000,"2215 Truxtun Ave., Bakersfield, CA 93301, Bakersfield, CA, 93301",CA,https://locations.dignityhealth.org/dignity-health-mercy-hospital-southwest,941196203_mercy-hospital_standardcharges.csv,https://www.dignityhealth.org/content/dam/dignity-health/documents/mrf-json/southern-california/json/941196203_mercy-hospital_standardcharges.json?target=%22_blank%22,,b52b0b3a17d3dc9b37fbd1f6636032e7f417521557457016a3ee992b4a04f8c9,mrfs.csv
Mercy Hospital,,(661) 663-6000,"400 Old River Rd, Bakersfield, CA 93311, Bakersfield, CA, 93311",CA,https://locations.dignityhealth.org/dignity-health-mercy-hospital-southwest,941196203_mercy-hospital_standardcharges.csv,https://www.dignityhealth.org/content/dam/dignity-health/documents/mrf-json/southern-california/json/941196203_mercy-hospital_standardcharges.json?target=%22_blank%22,,b52b0b3a17d3dc9b37fbd1f6636032e7f417521557457016a3ee992b4a04f8c9,mrfs.csv
Woodland Memorial Hospital,050127,(888) 319-8315,"1325 Cottonwood St, Woodland, CA 95695, Woodland, CA, 95695",CA,https://www.dignityhealth.org/sacramento/locations/woodland-memorial-hospital,815009488_woodland-memorial-hospital_standardcharges.csv,https://www.dignityhealth.org/content/dam/dignity-health/documents/mrf-json/northern-california/json/815009488_woodland-memorial-hospital_standardcharges.json?target=%22_blank%22,https://www.dignityhealth.org/sacramento/patients-and-visitors/for-patients/billing-information/hospital-pricing-transparency,a5718bf8242e7002cce2cc9c6f1a3c73d9be2a04650d87de7941ca195597b3b0,mrfs.csv
Mercy Hospital of Folsom,050414,(530) 336-5511,"1650 Creekside Dr, Folsom, CA 95630, Folsom, CA, 95630",CA,https://locations.dignityhealth.org/mercy-hospital-of-folsom,941196203_mercy-hospital-of-folsom_standardcharges.csv,https://www.dignityhealth.org/content/dam/dignity-health/documents/mrf-json/northern-california/json/941196203_mercy-hospital-of-folsom_standardcharges.json?target=%22_blank%22,https://www.dignityhealth.org/sacramento/patients-and-visitors/for-patients/billing-information/hospital-pricing-transparency,002ef6c49eaad700a3447d6703b534d75434ff4ad57ded0bf8f6104dce63b90d,mrfs.csv
Mercy Medical Center Merced,050444,209-626-4373,"333 Mercy Ave., Merced, CA 95340, Merced, CA, 95340",CA,https://www.dignityhealth.org/central-california/locations/mercymedical-merced,941196203_mercy-medical-center-merced_standardcharges.csv,https://www.dignityhealth.org/content/dam/dignity-health/documents/mrf-json/southern-california/json/941196203_mercy-medical-center-merced_standardcharges.json?target=%22_blank%22,https://www.dignityhealth.org/central-california/locations/mercymedical-merced/patients-and-visitors/for-patients/billing-information/hospital-pricing-transparency,94d83f2116189a310dfe140a9c65d46f30bd259329425ac1e0715987b2a5885c,mrfs.csv
Methodist Hospital of Sacramento,050590,(844) 230-1873,"7500 Hospital Dr., Sacramento, CA 95823, Sacramento, CA, 95823",CA,https://www.dignityhealth.org/sacramento/locations/methodist-hospital-of-sacramento,815009488_methodist-hospital-of-sacramento_standardcharges.csv,https://www.dignityhealth.org/content/dam/dignity-health/documents/mrf-json/northern-california/json/815009488_methodist-hospital-of-sacramento_standardcharges.json?target=%22_blank%22,https://www.dignityhealth.org/sacramento/patients-and-visitors/for-patients/billing-information/hospital-pricing-transparency,9f6d1667a7a74377f115b64b65e0f0d853acd22d89094115a1d12d6e9fb0ad70,mrfs.csv
Mercy General Hospital,050017,(855) 668-7314,"4001 J St., Sacramento, CA 95819, Sacramento, CA, 95819",CA,https://www.dignityhealth.org/sacramento/locations/mercy-general-hospital,941196203_mercy-general-hospital_standardcharges.csv,https://www.dignityhealth.org/content/dam/dignity-health/documents/mrf-json/northern-california/json/941196203_mercy-general-hospital_standardcharges.json?target=%22_blank%22,https://www.dignityhealth.org/sacramento/patients-and-visitors/for-patients/billing-information/hospital-pricing-transparency,67828b6b51a62c6bf1cccb8f3bdfeb4b1316211d9ee3b1ef738744a7fa5f179d,mrfs.csv
St. Bernardine Medical Center,050129,(909) 883-8711,"2101 N Waterman Ave, San Bernardino, CA 92404, San Bernardino, CA, 92404",CA,https://www.dignityhealth.org/socal/locations/stbernardinemedical,941196203_st-bernardine-medical-center_standardcharges.csv,https://www.dignityhealth.org/content/dam/dignity-health/documents/mrf-json/southern-california/json/941196203_st-bernardine-medical-center_standardcharges.json?target=%22_blank%22,https://www.dignityhealth.org/socal/locations/stbernardinemedical/patients-and-visitors/for-patients/billing-and-payment/hospital-pricing-transparency,8f7ded75fd500bf7295b94a5cec44ae878602c8fd2afc639621c0ed3fb22b4bb,mrfs.csv
Bakersfield Memorial Hospital,050036,(661) 846-2032,"420 34th St., Bakersfield, CA 93301, Bakersfield, CA, 93301",CA,https://locations.dignityhealth.org/dignity-health-memorial-hospital,951802779_bakersfield-memorial-hospital_standardcharges.csv,https://www.dignityhealth.org/content/dam/dignity-health/documents/mrf-json/southern-california/json/951802779_bakersfield-memorial-hospital_standardcharges.json?target=%22_blank%22,https://www.dignityhealth.org/central-california/locations/memorial-hospital/patients-and-visitors/for-patients/billing-information/hospital-pricing-transparency,5788e6acf31da7f193391e1c6782d0d70f274aa1822a4624776a7dae64215eaa,"mrfs.csv,manifest.json"
Glendale Memorial Hospital and Health Center,050058,(818) 502-1900,"1420 S Central Ave, Glendale, CA 91204, Glendale, CA, 91204",CA,,815009488_glendale-memorial-hospital-and-health-center_standardcharges.json,https://www.dignityhealth.org/content/dam/dignity-health/documents/mrf-json/southern-california/json/815009488_glendale-memorial-hospital-and-health-center_standardcharges.json,,6b55861cb5ad9b86cb5aa5a50c3b61871bf0424ca47f682818b9b12aac1facc4,discovered:cms-hpt.txt
St. Mary Medical Center - Long Beach,050191,(562) 491-9000,"1050 Linden Ave, Long Beach, CA 90813, Long Beach, CA, 90813",CA,https://locations.dignityhealth.org/dignity-health-st-mary-medical-center,941196203_st-mary-medical-center-long-beach_standardcharges.csv,https://www.dignityhealth.org/content/dam/dignity-health/documents/mrf-json/southern-california/json/941196203_st-mary-medical-center-long-beach_standardcharges.json?target=%22_blank%22,https://www.dignityhealth.org/socal/locations/stmarymedical/patients-and-visitors/for-patients/billing-payment-financial-services/hospital-pricing-transparency,8637c671e44743dc362c859438673c032fc0e08efb45e8b52522ab50431c986d,mrfs.csv
Mercy San Juan Medical Center,050516,(916) 537-5000,"6501 Coyle Avenue, Carmichael, CA 95608, Carmichael, CA, 95608",CA,https://locations.dignityhealth.org/mercy-san-juan-medical-center,941196203_mercy-san-juan-medical-center_standardcharges.csv,https://www.dignityhealth.org/content/dam/dignity-health/documents/mrf-json/northern-california/json/941196203_mercy-san-juan-medical-center_standardcharges.json?target=%22_blank%22,https://www.dignityhealth.org/sacramento/patients-and-visitors/for-patients/billing-information/hospital-pricing-transparency,09f16a4971c9228d5f0e3a9df9907855d36da2ed70cc9c2bb1898572a8f89d09,mrfs.csv
MemorialCare Saddleback Medical Center,050603,(949) 837-4500,"24451 Health Center Drive, Laguna Hills, CA 92653, Laguna Hills, CA, 92653",CA,https://www.memorialcare.org/locations/saddleback-medical-center,952585792_memorialcare-saddleback-medical-center_standardcharges.csv,https://www.memorialcare.org/sites/default/files/_images/content/Patient-Financial-Services/952585792_memorialcare-saddleback-medical-center_standardcharges.json,https://www.memorialcare.org/patients-visitors/patient-financial-tools-and-resources,c62c52d3dfa63160d05271ced68b6e01d578d1b67ac462c09a155b0d53d97ccf,mrfs.csv
Long Beach Memorial Medical Center,050485,(562) 933-2000,"2801 Atlantic Ave, Long Beach, CA 90806, Long Beach, CA, 90806",CA,https://www.memorialcare.org/locations/long-beach-medical-center,953527031-1477596583_long-beach-memorial-medical-center_standardcharges.csv,https://www.memorialcare.org/sites/default/files/_images/content/Patient-Financial-Services/953527031-1477596583_long-beach-memorial-medical-center_standardcharges.json,https://www.memorialcare.org/patients-visitors/patient-financial-tools-and-resources,e25855c8c458324a7b9ab5da7dd282bb10f081a065c46276680f1e71ef17c266,mrfs.csv
Long Beach Memorial Medical Center,050485,(562) 933-2000,"2801 Atlantic Ave, Long Beach, CA 90806, Long Beach, CA, 90806",CA,https://www.memorialcare.org/locations/long-beach-medical-center,953527031-1477596583_long-beach-memorial-medical-center_standardcharges.csv,https://www.memorialcare.org/sites/default/files/_images/content/Patient-Financial-Services/953527031-1477596583_long-beach-memorial-medical-center_standardcharges.json,https://www.memorialcare.org/patients-visitors/patient-financial-tools-and-resources,e25855c8c458324a7b9ab5da7dd282bb10f081a065c46276680f1e71ef17c266,mrfs.csv
"VSC HBO, LLC",053308,(714) 289-2400,"393 S. Tustin Street, Orange, CA 92866, Orange, CA, 92866",CA,https://healthbridgekids.com/locations/orange-county-ca-region-pediatric-hospital/,"852382265_vsc-hbo,-llc_standardcharges_04-21-26_10-45_id_136217.csv",https://healthbridgekids.pt.panaceainc.com/MRFDownload/healthbridgekids/healthbridgekids,https://healthbridgekids.com/locations/orange-county-ca-region-pediatric-hospital,f530411828d630cb10c07e35faffd49ba2e01ac90c6aea2b2da06ae61cb818cf,mrfs.csv
El Camino Hospital,,,"2500 Grant Road, Mountain View, CA 94040, Mountain View, CA, 94040",CA,,943167314_el-camino-hospital_standardcharges.json,https://www.elcaminohealth.org/sites/default/files/2025-10/943167314_el-camino-hospital_standardcharges.json,https://www.elcaminohealth.org/patients-visitors-guide/before-you-arrive/pricing-estimates/price-transparency,27fe135905fc8e0a34aaeb4cdff985ff28c9cc5df9c71a5a00c61450c70a067c,manifest.json
Palomar Medical Center Poway,050636,858-613-4000,"15615 Pomerado Road, Poway, CA 92064, Poway, CA, 92064",CA,https://www.palomarhealth.org/locations/palomar-medical-center-poway/,956003843_palomar-medical-center-poway_standardcharges.csv,https://hospitalpricedisclosure.com/Download.aspx?pxi=TeRmqVv6zqH12Bs0PUR7KA*-*&f=iFd*_*cEPwhQHJy3lVvHy9uQ*-*,https://HospitalPriceDisclosure.com/Default.aspx?ci=tWKNrFY5HZER1VRkXeC4JQ*-*,2c31aaa302a24b0c67b416971b20e7e29c9771125fe90be231b5e647249fb3ba,mrfs.csv
Palomar Medical Center Escondido,,442.281.5000,"2185 Citracado Parkway, Escondido, CA 92029, Escondido, CA, 92029",CA,https://www.palomarhealth.org/facilities/palomar-medical-center/,956003843_palomar-medical-center-escondido_standardcharges.csv,https://hospitalpricedisclosure.com/Download.aspx?pxi=6zygLFNJwULWEO0nVbhl5Q*-*&f=iFd*_*cEPwhQHJy3lVvHy9uQ*-*,https://HospitalPriceDisclosure.com/Default.aspx?ci=tWKNrFY5HZER1VRkXeC4JQ*-*,2e720a63715796e73ad3531715f360d977a8cef8d1e81e1a2c029e65324b8249,mrfs.csv
Santa Monica UCLA Medical Center and Orthopaedic Hospital,,,"1250 16th Street, Santa Monica, CA 90404, Santa Monica, CA, 90404",CA,,954541687_santa-monica-ucla-medical-center-and-orthopaedic-hospital_standardcharges.json,https://www.uclahealth.org/sites/default/files/cms-hpt/954541687_santa-monica-ucla-medical-center-and-orthopaedic-hospital_standardcharges.json,https://www.uclahealth.org/patient-resources/billing-insurance/price-transparency/machine-readable-files,5f99be55d8bd6e1d635c7d2953c62336f21e33fa22e21959c55daad527985b56,manifest.json
Ronald Reagan UCLA Medical Center,050262,(310) 825-9111,"757 Westwood Plaza, Los Angeles, CA 90095, Los Angeles, CA, 90095",CA,https://www.uclahealth.org/hospitals/reagan,956006143_ronald-reagan-ucla-medical-center_standardcharges.csv,https://www.uclahealth.org/sites/default/files/cms-hpt/956006143_ronald-reagan-ucla-medical-center_standardcharges.json?refresh=2026,https://www.uclahealth.org/patient-resources/billing-insurance/price-transparency/machine-readable-files,9e83e6fe74875041381a9e854430b9476ffa731d6fe78ed2da090c64f51500ba,mrfs.csv
Cedars-Sinai Medical Center,050625,(310) 423-3277,"8700 Beverly Blvd, Los Angeles, CA 90048, Los Angeles, CA, 90048",CA,https://www.cedars-sinai.org/locations/cedars-sinai-main-campus-89.html,951644600_CEDARS-SINAI-MEDICAL-CENTER_standardcharges.csv,https://www.cedars-sinai.org/content/dam/cedars-sinai/billing-insurance/documents/951644600_CEDARS-SINAI-MEDICAL-CENTER_standardcharges.json,https://www.cedars-sinai.org/price-transparency.html,c27a03550b809434481ff1e03a0dbdcc74c8410b0146cafc5301d24ebe87181d,"mrfs.csv,manifest.json"
Stanford Health Care Tri-Valley,,925-447-7000,"5555 West Las Positas Boulevard, Pleasanton, CA 94588, Pleasanton, CA, 94588",CA,https://stanfordhealthcare.org/tri-valley/patients-and-visitors/locations.html,941429628_stanford-health-care---tri-valley_standardcharges.csv,https://stanfordhealthcare.org/content/dam/valleycare/patients-visitors/941429628_stanford-health-care---tri-valley_standardcharges.json,https://stanfordhealthcare.org/tri-valley/patients-and-visitors/billing/price-transparency.html,943ea067763abb1debe1c3dc7289d77abf844caebef0b1e5708daf209eaef4c4,"mrfs.csv,manifest.json"
City of Hope National Medical Center,,(626) 256-4673,"1500 Duarte Road, Duarte, CA 91010, Duarte, CA, 91010",CA,https://www.cityofhope.org/locations/duarte-main-campus,951683875_city-of-hope-national-medical-center-_standardcharges.csv,https://www.cityofhope.org/951683875_city-of-hope-national-medical-center-_standardcharges.json,https://www.cityofhope.org/patients/our-value-and-pricing/pricing-information,a55fbbc3373564684a416184d9430b50a85f65d9d7739adfecaa1b86c3284168,mrfs.csv
Kindred Hospital Santa Ana,,714-564-7800,"1901 N. College Avenue, Santa Ana, CA 92706, Santa Ana, CA, 92706",CA,https://www.kindredhospitals.com/locations/california/santa-ana,954494847_kindred-hospital-santa-ana_standardcharges.csv,https://hospitalpricedisclosure.com/download.aspx?pi=3UoxdLnzQTf*_*pZVkzil4DQ*-*,https://hospitalpricedisclosure.com/default.aspx?pi=3UoxdLnzQTf*_*pZVkzil4DQ*-*,04122b56724579df01b39e81f89031fbc5ef9f6b679eb0d734e7c246d028f70b,mrfs.csv
Kindred Hospital San Gabriel Valley,,626-339-5451,"845 North Lark Ellen, West Covina, CA 91791, West Covina, CA, 91791",CA,https://www.kindredhospitals.com/locations/california/san-gabriel-valley,954494847_kindred-hospital-san-gabriel-valley_standardcharges.csv,https://hospitalpricedisclosure.com/download.aspx?pi=guOglDuKLHQAEwEH1HDoCA*-*,https://hospitalpricedisclosure.com/default.aspx?pi=guOglDuKLHQAEwEH1HDoCA*-*,3ae43b1fa5201342dead8e5cf9ea7597b0bc6f04219feb77113dcfda4734d81a,mrfs.csv
Kindred Hospital La Mirada,052038,562-944-1900,"14900 E Imperial Hwy, La Mirada, CA 90638, La Mirada, CA, 90638",CA,https://www.vistahospitals.com/vista-la-mirada-ca,954494847_kindred-hospital-la-mirada_standardcharges.csv,https://hospitalpricedisclosure.com/download.aspx?pi=2fxgBZOAr6rLO5JigCHRrw*-*,https://hospitalpricedisclosure.com/default.aspx?pi=2fxgBZOAr6rLO5JigCHRrw*-*,fd321a86681513880529918dfc88736aab3307e8c180246beff3ddc96efc0533,mrfs.csv
El Camino Hospital,050308,650-940-7000,"815 Pollard Road, Los Gatos, CA 95032, Los Gatos, CA, 95032",CA,https://www.elcaminohealth.org/,943167314_el-camino-hospital_standardcharges.csv,https://www.elcaminohealth.org/sites/default/files/2026-04/943167314_el-camino-hospital_standardcharges.json,https://www.elcaminohealth.org/patients-visitors/guide/before-you-arrive/pricing-estimates/price-transparency,d90dccbb76c6e411d5b3ad3873ba43e9c589342ce2932531074587fff3753d9c,mrfs.csv
El Camino Hospital,050308,650-940-7000,"2500 Grant Road, Mountain View, CA 94040, Mountain View, CA, 94040",CA,https://www.elcaminohealth.org/,943167314_el-camino-hospital_standardcharges.csv,https://www.elcaminohealth.org/sites/default/files/2026-04/943167314_el-camino-hospital_standardcharges.json,https://www.elcaminohealth.org/patients-visitors/guide/before-you-arrive/pricing-estimates/price-transparency,d90dccbb76c6e411d5b3ad3873ba43e9c589342ce2932531074587fff3753d9c,mrfs.csv
El Camino Hospital,050308,650-940-7000,"355 Dardanelli Lane, Los Gatos, CA 95032, Los Gatos, CA, 95032",CA,https://www.elcaminohealth.org/,943167314_el-camino-hospital_standardcharges.csv,https://www.elcaminohealth.org/sites/default/files/2026-04/943167314_el-camino-hospital_standardcharges.json,https://www.elcaminohealth.org/patients-visitors/guide/before-you-arrive/pricing-estimates/price-transparency,d90dccbb76c6e411d5b3ad3873ba43e9c589342ce2932531074587fff3753d9c,mrfs.csv
El Camino Hospital,050308,650-940-7000,"2590 Grant Road, Mountain View, CA 94040, Mountain View, CA, 94040",CA,https://www.elcaminohealth.org/,943167314_el-camino-hospital_standardcharges.csv,https://www.elcaminohealth.org/sites/default/files/2026-04/943167314_el-camino-hospital_standardcharges.json,https://www.elcaminohealth.org/patients-visitors/guide/before-you-arrive/pricing-estimates/price-transparency,d90dccbb76c6e411d5b3ad3873ba43e9c589342ce2932531074587fff3753d9c,mrfs.csv
UCI Health - Placentia Linda,050589,(714) 993-2000,"101 City Drive South, Orange, CA 92868, Orange, CA, 92868",CA,https://www.ucihealth.org/locations/placentia/uci-health-placentia-linda,952226406_uci-health-placentia-linda_standardcharges.csv,https://ucihealth.org/pricetransparency/952226406_uci-health-placentia-linda_standardcharges.json,https://www.ucihealth.org/patients-and-visitors/financial-resources/price-transparency,7ecbf23f9e57f105594844b06bb7d72393f40828677ff06808a40afcba71a4c1,mrfs.csv
UCI Health - Lakewood,050581,(562) 531-2550,"101 City Drive South, Orange, CA 92868, Orange, CA, 92868",CA,https://www.ucihealth.org/Locations/Lakewood/UCI-Health-lakewood,952226406_uci-health-lakewood_standardcharges.csv,https://www.ucihealth.org/pricetransparency/952226406_uci-health-lakewood_standardcharges.json,https://www.ucihealth.org/patients-and-visitors/financial-resources/price-transparency,35f89c0fd260dc54db89bbdd3547b665a35ba5119abe387857668824472fa20c,mrfs.csv
UCI Health - Los Alamitos,050551,(562) 598-1311,"101 City Drive South, Orange, CA 92868, Orange, CA, 92868",CA,https://www.ucihealth.org/locations/los-alamitos/uci-health-los-alamitos,952226406_uci-health-los-alamitos_standardcharges.csv,https://ucihealth.org/pricetransparency/952226406_uci-health-los-alamitos_standardcharges.json,https://www.ucihealth.org/patients-and-visitors/financial-resources/price-transparency,fafc7afa3f066a0cb90c385267d12068dcd402a56d0435c2ce931b583328f18a,mrfs.csv
UCI Health - Fountain Valley,050570,(714) 966-7200,"101 City Drive South, Orange, CA 92868, Orange, CA, 92868",CA,https://www.ucihealth.org/locations/fountain-valley/uci-health-fountain-valley,952226406_uci-health-fountain-valley_standardcharges.csv,https://ucihealth.org/pricetransparency/952226406_uci-health-fountain-valley_standardcharges.json,https://www.ucihealth.org/patients-and-visitors/financial-resources/price-transparency,343f1f41874ae01f73694871341e82f694cf532e2a67e04551e0a996a7f0006b,mrfs.csv
Regents of the University of California at Irvine Hospital,050348,(714) 456-7890,"101 City Drive South, Orange, CA 92868, Orange, CA, 92868",CA,,952226406_regents-of-the-university-of-california-at-irvine-hospital_standardcharges.json,https://www.ucihealth.org/pricetransparency/952226406_regents-of-the-university-of-california-at-irvine-hospital_standardcharges.json,,e6c1f35f85842031817c2a941e04590e3a3c0238cd87180c6bdd0f69bcb07d95,discovered:cms-hpt.txt
St. Mary's Medical Center - San Francisco,050457,(855) 964-1480,"450 Stanyan St, San Francisco, CA 94117, San Francisco, CA, 94117",CA,https://www.ucsfhealth.org/locations/stanyan-hospital,941196203_st-marys-medical-center-san-francisco_standardcharges.csv,https://app.box.com/index.php?rm=box_download_shared_file&shared_name=xsx8jxwcakpxzg78pfllolwmhrhcifxh&file_id=f_1732344688129,https://sfcommunityhospitals.ucsfhealth.org/st-marys/patients-and-visitors/for-patients/billing-and-payment/hospital-pricing-transparency,8412bbef342a73b4695f92325c29016320f1515173295317d12a0d84e7788b81,mrfs.csv
Saint Francis Memorial Hospital,050152,(415) 353-6000,"900 Hyde St., San Francisco, CA 94109, San Francisco, CA, 94109",CA,https://www.ucsfhealth.org/locations/hyde-hospital,941156295_saint-francis-memorial-hospital_standardcharges.csv,https://app.box.com/index.php?rm=box_download_shared_file&shared_name=8wogrqzbbev45c7pup8v9298ul2ymlpr&file_id=f_1732346032300,https://sfcommunityhospitals.ucsfhealth.org/saint-francis/patients-and-visitors/for-patients/billing-and-payment/hospital-pricing-transparency,cd39c33d3ae0b518b0e5294acdfdeb82ec521f7b7bf1332c4ce8be0b82241458,mrfs.csv
University of California Davis Medical Center,050599,(916) 734-2011,"2315 Stockton Boulevard, Sacramento, CA 95817, Sacramento, CA, 95817",CA,https://health.ucdavis.edu/welcome/index.html,946036494_university-of-california-davis-medical-center_standardcharges.csv,https://health.ucdavis.edu/media-resources/news/documents/json/946036494_university-of-california-davis-medical-center_standardcharges.json,https://health.ucdavis.edu/news/public-reporting/chargemaster,6f693c35288c54aba1d9538a8471c9b61eff8f8339ddbea64890076a3617fb6e,mrfs.csv
LAGUNA HONDA HOSPITAL & REHABILITATION CENTER,050668,415-759-2363,"375 LAGUNA HONDA BLVD, SAN FRANCISCO, CALIFORNIA 94116, San Francisco, CA, 94116",CA,https://www.sf.gov/services-provided-laguna-honda-hospital,-REHABILITATION-CENTER_standardcharges.csv,https://sfdph.box.com/shared/static/9njsgvqu40m8kau5n9mqs19paeccwem5.csv,https://www.sf.gov/information/laguna-honda-hospital-admission-discharge-and-price-transparency,1c8ece3fb32b5e3b1cd8818d368a288efc300a2d7d0fec73679bd182f7e616cb,mrfs.csv
Ocean View Psychiatric Health Facility,054153,(844) 562 1212,"2600 Redondo Ave, Suite 500, Long Beach, CA 90806, Long Beach, CA, 90806",CA,https://ovphf.com/,421585322_ocean-view-psychiatric-health-facility_standardcharges-1.csv,https://ovphf.com/wp-content/uploads/2025/11/421585322_ocean-view-psychiatric-health-facility_standardcharges-1.csv,https://ovphf.com/standard-services-pricing,d0d5facd9a206e512e47590a26aafdc2261d64fdce6210375b61dd925aaf3401,mrfs.csv
ORANGE COUNTY – ANAHEIM MEDICAL CENTER,050609,714-644-2000,"""3440 E La Palma Ave, Anaheim, CA 92806"", Anaheim, CA, 92806",CA,https://healthy.kaiserpermanente.org/southern-california/facilities/orange-county-anaheim-medical-center-100173,941105628-anaheim-medical-center-standard-charges-scal-en.csv,https://healthy.kaiserpermanente.org/content/dam/kporg/final/documents/health-plan-documents/coverage-information/machine-readable/941105628-anaheim-medical-center-standard-charges-scal-en.csv,https://healthy.kaiserpermanente.org/southern-california/doctors-locations/price-transparency,1861cc1be16ef677425b8944092545def6f72f468964077cd21e66039b87e882,"mrfs.csv,manifest.json,downloaded"
ANTIOCH MEDICAL CENTER,050760,925-813-6500,"""4501 SAND CREEK ROAD, ANTIOCH, CA 94531"", Antioch, CA, 94531",CA,https://healthy.kaiserpermanente.org/northern-california/facilities/Antioch-Medical-Center-100382,941105628-antioch-medical-center-standard-charges-ncal-en.csv,https://healthy.kaiserpermanente.org/content/dam/kporg/final/documents/health-plan-documents/coverage-information/machine-readable/941105628-antioch-medical-center-standard-charges-ncal-en.csv,https://healthy.kaiserpermanente.org/northern-california/doctors-locations/price-transparency,6ec57c529264c2ee787debf0de62d211d46b157217f39eb168dc025c3158dbd6,"mrfs.csv,manifest.json,downloaded"
BALDWIN PARK MEDICAL CENTER,050723,626-851-1011,"""1011 BALDWIN PARK BLVD, BALDWIN PARK, CA 91706"", Baldwin Park, CA, 91706",CA,https://healthy.kaiserpermanente.org/southern-california/facilities/baldwin-park-medical-center-100167,941105628-baldwin-park-medical-center-standard-charges-scal-en.csv,https://healthy.kaiserpermanente.org/content/dam/kporg/final/documents/health-plan-documents/coverage-information/machine-readable/941105628-baldwin-park-medical-center-standard-charges-scal-en.csv,https://healthy.kaiserpermanente.org/southern-california/doctors-locations/price-transparency,48868617b4e40361e7dbb3304269f9ea3fa3ff73a22dce2514d180850d5fc1fc,"mrfs.csv,manifest.json,downloaded"
DOWNEY MEDICAL CENTER,050139,562-657-9000,"""9333 Imperial Hwy, Downey, CA 90242"", Downey, CA, 90242",CA,https://healthy.kaiserpermanente.org/southern-california/facilities/downey-medical-center-300025,941105628-downey-medical-center-standard-charges-scal-en.csv,https://healthy.kaiserpermanente.org/content/dam/kporg/final/documents/health-plan-documents/coverage-information/machine-readable/941105628-downey-medical-center-standard-charges-scal-en.csv,https://healthy.kaiserpermanente.org/southern-california/doctors-locations/price-transparency,807c6e372e640d202a74fa2e1d20fa3d45c0ea05dca40aa7d087b43a21f6ac88,"mrfs.csv,manifest.json,downloaded"
SAN BERNARDINO – FONTANA MEDICAL CENTER AREA,050140,833-574-2273,"""9961 SIERRA AVENUE, FONTANA, CA 92335"", Fontana, CA, 92335",CA,https://healthy.kaiserpermanente.org/southern-california/facilities/fontana-medical-center-100127,941105628-fontana-medical-center-standard-charges-scal-en.csv,https://healthy.kaiserpermanente.org/content/dam/kporg/final/documents/health-plan-documents/coverage-information/machine-readable/941105628-fontana-medical-center-standard-charges-scal-en.csv,https://healthy.kaiserpermanente.org/southern-california/doctors-locations/price-transparency,9bb4178f23ff09324487bfd9fd0bcf1ee5132970532bacea60eed30f0e912deb,"mrfs.csv,manifest.json,downloaded"
FREMONT MEDICAL CENTER,050512,510-248-3000,"""39400 PASEO PADRE PARKWAY, FREMONT, CA 94538"", Fremont, CA, 94538",CA,https://healthy.kaiserpermanente.org/northern-california/facilities/Fremont-Medical-Center-100367,941105628-fremont-medical-center-standard-charges-ncal-en.csv,https://healthy.kaiserpermanente.org/content/dam/kporg/final/documents/health-plan-documents/coverage-information/machine-readable/941105628-fremont-medical-center-standard-charges-ncal-en.csv,https://healthy.kaiserpermanente.org/northern-california/doctors-locations/price-transparency,a6684bfbfe2fb6be9b723049790d3f34c47224873e599871f2fc99beef55dbe2,"mrfs.csv,manifest.json,downloaded"
FRESNO MEDICAL CENTER,050710,559-448-4500,"""7300 NORTH FRESNO STREET, FRESNO, CA 93720"", Fresno, CA, 93720",CA,https://healthy.kaiserpermanente.org/northern-california/facilities/Fresno-Medical-Center-100363,941105628-fresno-medical-center-standard-charges-ncal-en.csv,https://healthy.kaiserpermanente.org/content/dam/kporg/final/documents/health-plan-documents/coverage-information/machine-readable/941105628-fresno-medical-center-standard-charges-ncal-en.csv,https://healthy.kaiserpermanente.org/northern-california/doctors-locations/price-transparency,826671d31668f27d6661fd0f743d3af334036fdb686083694dbc9613b455c1dc,"mrfs.csv,manifest.json,downloaded"
ORANGE COUNTY – IRVINE MEDICAL CENTER,,833-574-2273,"""6640 Alton Pkwy, Irvine, CA 92618"", Irvine, CA, 92618",CA,https://healthy.kaiserpermanente.org/southern-california/facilities/orange-county-irvine-medical-center-100619,941105628-irvine-medical-center-standard-charges-scal-en.csv,https://healthy.kaiserpermanente.org/content/dam/kporg/final/documents/health-plan-documents/coverage-information/machine-readable/941105628-irvine-medical-center-standard-charges-scal-en.csv,https://healthy.kaiserpermanente.org/southern-california/doctors-locations/price-transparency,c581d63cdb51890fb8e41a5a1c54cc2a63766e3e1f779b3dc95906997aa1fc30,"mrfs.csv,manifest.json,downloaded"
LOS ANGELES SUNSET MEDICAL CENTER,050138,833-574-2273,"""4867 SUNSET BOULEVARD, LOS ANGELES, CA 90027"", Los Angeles, CA, 90027",CA,https://healthy.kaiserpermanente.org/southern-california/facilities/Los-Angeles-Medical-Center-100099,941105628-los-angeles-medical-center-standard-charges-scal-en.csv,https://healthy.kaiserpermanente.org/content/dam/kporg/final/documents/health-plan-documents/coverage-information/machine-readable/941105628-los-angeles-medical-center-standard-charges-scal-en.csv,https://healthy.kaiserpermanente.org/southern-california/doctors-locations/price-transparency,a71fbc8742edea9191bf846d9e1ba3d9c48cf0070f9eb68d7c79b437ff8e3100,"mrfs.csv,manifest.json,downloaded"
MANTECA MEDICAL CENTER,050748,209-825-3700,"1777 WEST YOSEMITE AVENUE MANTECA 95337 CA, Manteca, CA, 95337",CA,https://healthy.kaiserpermanente.org/northern-california/facilities/Manteca-Medical-Center-100356,941105628-manteca-medical-center-standard-charges-ncal-en.csv,https://healthy.kaiserpermanente.org/content/dam/kporg/final/documents/health-plan-documents/coverage-information/machine-readable/941105628-manteca-medical-center-standard-charges-ncal-en.csv,https://healthy.kaiserpermanente.org/northern-california/doctors-locations/price-transparency,097eb467a73deadaa26f7d074b18723ea0a292adf15fdec5d4eb805b97e36ef9,"mrfs.csv,manifest.json,downloaded"
MODESTO MEDICAL CENTER,,209-735-5000,"4601 DALE RD MODESTO 95356 CA, Modesto, CA, 95356",CA,https://healthy.kaiserpermanente.org/northern-california/facilities/Modesto-Medical-Center-and-Medical-Offices-100301,941105628-modesto-medical-center-standard-charges-ncal-en.csv,https://healthy.kaiserpermanente.org/content/dam/kporg/final/documents/health-plan-documents/coverage-information/machine-readable/941105628-modesto-medical-center-standard-charges-ncal-en.csv,https://healthy.kaiserpermanente.org/northern-california/doctors-locations/price-transparency,6e5a41f250a688acff7f9d7e02f2f21428daf63e67e283bc1b01cc8d273785a0,"mrfs.csv,manifest.json,downloaded"
MORENO VALLEY MEDICAL CENTER,050765,833-574-2273,"""27300 IRIS AVENUE, MORENO VALLEY, CA 92555"", Moreno Valley, CA, 92555",CA,https://healthy.kaiserpermanente.org/southern-california/facilities/moreno-valley-medical-center-300019,941105628-moreno-valley-medical-center-standard-charges-scal-en.csv,https://healthy.kaiserpermanente.org/content/dam/kporg/final/documents/health-plan-documents/coverage-information/machine-readable/941105628-moreno-valley-medical-center-standard-charges-scal-en.csv,https://healthy.kaiserpermanente.org/southern-california/doctors-locations/price-transparency,007bacfd87d6064e93a6711374f9229f196baeb8574e18052a37981061db3661,"mrfs.csv,manifest.json,downloaded"
OAKLAND MEDICAL CENTER,050075,510-752-1000,"""275 W MacArthur Blvd, Oakland, CA 94611"", Oakland, CA, 94611",CA,https://healthy.kaiserpermanente.org/northern-california/facilities/oakland-medical-center-100344,941105628-oakland-medical-center-standard-charges-ncal-en.csv,https://healthy.kaiserpermanente.org/content/dam/kporg/final/documents/health-plan-documents/coverage-information/machine-readable/941105628-oakland-medical-center-standard-charges-ncal-en.csv,https://healthy.kaiserpermanente.org/northern-california/doctors-locations/price-transparency,86aaddb791ecbc24dc432a863366bbd74a7690cf786a003245afad888561b85f,"mrfs.csv,manifest.json,downloaded"
SAN BERNARDINO – ONTARIO MEDICAL CENTER AREA,,833-574-2273,"""2295 S. VINEYARD AVENUE,ONTARIO, CA 91761"", Ontario, CA, 91761",CA,https://healthy.kaiserpermanente.org/southern-california/facilities/ontario-medical-center-300511,941105628-ontario-medical-center-standard-charges-scal-en.csv,https://healthy.kaiserpermanente.org/content/dam/kporg/final/documents/health-plan-documents/coverage-information/machine-readable/941105628-ontario-medical-center-standard-charges-scal-en.csv,https://healthy.kaiserpermanente.org/southern-california/doctors-locations/price-transparency,545e199d497ccfb53702a163a347188e7f9537178f6777fcbbb2ba2b4e826c8d,"mrfs.csv,manifest.json,downloaded"
PANORAMA CITY MEDICAL CENTER,050137,(888) 778-5000,"""13652 CANTARA STREET, PANORAMA CITY, CA 91402"", Panorama City, CA, 91402",CA,https://healthy.kaiserpermanente.org/southern-california/facilities/Panorama-City-Medical-Center-100071,941105628-panorama-medical-center-standard-charges-scal-en.csv,https://healthy.kaiserpermanente.org/content/dam/kporg/final/documents/health-plan-documents/coverage-information/machine-readable/941105628-panorama-medical-center-standard-charges-scal-en.csv,https://healthy.kaiserpermanente.org/southern-california/doctors-locations/price-transparency,d4379ef128bdaa1c129489cfb3ef10302d5c24abb3f80e2dbee93202c063e353,"mrfs.csv,manifest.json,downloaded"
REDWOOD CITY MED CENTER,050541,650-299-2000,"""1100 Veterans Blvd, Redwood City, CA 94063"", Redwood City, CA, 94063",CA,https://healthy.kaiserpermanente.org/northern-california/facilities/Redwood-City-Medical-Center-100337,941105628-redwood-city-medical-center-standard-charges-ncal-en.csv,https://healthy.kaiserpermanente.org/content/dam/kporg/final/documents/health-plan-documents/coverage-information/machine-readable/941105628-redwood-city-medical-center-standard-charges-ncal-en.csv,https://healthy.kaiserpermanente.org/northern-california/doctors-locations/price-transparency,29356f6b3fd6ac41ec07d8bc8ffc2dd1ee21217afe66fdde0aa2c8e850ed0ab1,"mrfs.csv,manifest.json,downloaded"
RICHMOND MEDICAL CENTER,050075,510-307-1500,"""901 Nevin Ave, Richmond, CA 94801"", Richmond, CA, 94801",CA,https://healthy.kaiserpermanente.org/northern-california/facilities/Richmond-Medical-Center-100336,941105628-richmond-medical-center-standard-charges-ncal-en.csv,https://healthy.kaiserpermanente.org/content/dam/kporg/final/documents/health-plan-documents/coverage-information/machine-readable/941105628-richmond-medical-center-standard-charges-ncal-en.csv,https://healthy.kaiserpermanente.org/northern-california/doctors-locations/price-transparency,4d16bd73a783ea4f746a56036b07d0658c02b95bb65d3f16127ba871730b4904,"mrfs.csv,manifest.json,downloaded"
